rollcall_key,chamber,bill_number,description
H1,House,,Election of the Speaker
H2,House,HRES5,"Adopting the Rules of the House of Representatives for the One Hundred Nineteenth Congress, and for other purposes"
H3,House,HRES5,"Adopting the Rules of the House of Representatives for the One Hundred Nineteenth Congress, and for other purposes"
H4,House,HRES5,"Adopting the Rules of the House of Representatives for the One Hundred Nineteenth Congress, and for other purposes"
H5,House,HR29,Laken Riley Act
H6,House,HR23,Illegitimate Court Counteraction Act
H7,House,HR192,Amtrak Executive Bonus Disclosure Act
H8,House,HR152,Federal Disaster Assistance Coordination Act
H9,House,HR153,Post-Disaster Assistance Online Accountability Act
H10,House,HR28,Protection of Women and Girls in Sports Act
H11,House,HR28,Protection of Women and Girls in Sports Act
H12,House,HR164,POWER Act
H13,House,HR144,Tennessee Valley Authority Salary Transparency Act
H14,House,HR33,To amend the Internal Revenue Code of 1986 to provide special rules for the taxation of certain residents of Taiwan with income from sources within the United States
H15,House,HR30,Preventing Violence Against Women by Illegal Aliens Act
H16,House,HR30,Preventing Violence Against Women by Illegal Aliens Act
H17,House,HR186,Hershel “Woody” Williams National Medal of Honor Monument Location Act
H18,House,HR187,MAPWaters Act
H19,House,HRES53,Providing for consideration of the bill (H.R. 471) the Fix Our Forests Act; and providing for consideration of the bill (S. 5) the Laken Riley Act
H20,House,HRES53,Providing for consideration of the bill (H.R. 471) the Fix Our Forests Act; and providing for consideration of the bill (S. 5) the Laken Riley Act
H21,House,HR165,Wounded Knee Massacre Memorial and Sacred Site Act
H22,House,S5,Laken Riley Act
H23,House,HR375,Continued Rapid Ohia Death Response Act
H24,House,HR471,Fix Our Forests Act
H25,House,HR21,Born-Alive Abortion Survivors Protection Act
H26,House,HR21,Born-Alive Abortion Survivors Protection Act
H27,House,HR43,Alaska Native Village Municipal Lands Restoration Act
H28,House,HR776,Nutria Eradication and Control Reauthorization Act
H29,House,HRES93,"Providing for consideration of the bill (H.R. 27) to amend the Controlled Substances Act with respect to the scheduling of fentanyl-related substances, and for other purposes"
H30,House,HRES93,"Providing for consideration of the bill (H.R. 27) to amend the Controlled Substances Act with respect to the scheduling of fentanyl-related substances, and for other purposes"
H31,House,HR27,On Agreeing to the Amendment
H32,House,HR27,HALT Fentanyl Act
H33,House,HR26,Protecting American Energy Production Act
H34,House,HR26,Protecting American Energy Production Act
H35,House,HR692,China Exchange Rate Transparency Act
H36,House,HR736,Protect Small Businesses from Excessive Paperwork Act
H37,House,HRES122,Providing for consideration of the bill (H.R. 77) the Midnight Rules Relief Act
H38,House,HRES122,Providing for consideration of the bill (H.R. 77) the Midnight Rules Relief Act
H39,House,HR77,Midnight Rules Relief Act
H40,House,HR77,Midnight Rules Relief Act
H41,House,HR35,Agent Raul Gonzalez Officer Safety Act
H42,House,HR825,Assisting Small Businesses Not Fraudsters Act
H43,House,HR832,Small Business Advocacy Improvements Act
H44,House,HR818,SPUR Act
H45,House,HRES161,Providing for consideration of the joint resolution (H.J. Res. 20); providing for consideration of the joint resolution (H.J. Res. 35); and providing for consideration of the concurrent resolution (H. Con. Res. 14)
H46,House,HRES161,Providing for consideration of the joint resolution (H.J. Res. 20); providing for consideration of the joint resolution (H.J. Res. 35); and providing for consideration of the concurrent resolution (H. Con. Res. 14)
H47,House,HR788,DOE and SBA Research Act
H48,House,HR804,Rural Small Business Resilience Act
H49,House,HCONRES14,Establishing the congressional budget for the United States Government for fiscal year 2025 and setting forth the appropriate budgetary levels for fiscal years 2026 through 2034
H50,House,HR695,Medal of Honor Act
H51,House,HJRES35,"Providing for congressional disapproval under chapter 8 of title 5, United States Code, of the rule submitted by the Environmental Protection Agency relating to “Waste Emissions Charge for Petroleum and Natural Gas Systems: Procedures for Facilitating Compliance, Including Netting and Exemptions”"
H52,House,HJRES20,"Providing for congressional disapproval under chapter 8 of title 5, United States Code, of the rule submitted by the Department of Energy relating to “Energy Conservation Program: Energy Conservation Standards for Consumer Gas-fired Instantaneous Water Heaters”"
H53,House,HR856,Safe and Smart Federal Purchasing Act
H54,House,HR758,Mail Traffic Deaths Reporting Act
H55,House,HRES177,"Providing for consideration of the joint resolutions H.J. Res 42, H.J. Res. 61, and S.J. Res. 11"
H56,House,HRES177,"Providing for consideration of the joint resolutions H.J. Res 42, H.J. Res. 61, and S.J. Res. 11"
H57,House,HJRES61,"Providing for congressional disapproval under chapter 8 of title 5, United States Code, of the rule submitted by the Environmental Protection Agency relating to “National Emission Standards for Hazardous Air Pollutants: Rubber Tire Manufacturing”"
H58,House,HJRES42,"Providing for congressional disapproval of the rule submitted by the Department of Energy relating to “Energy Conservation Program for Appliance Standards: Certification Requirements, Labeling Requirements, and Enforcement Provisions for Certain Consumer Products and Commercial Equipment”"
H59,House,HRES189,Censuring Representative Al Green of Texas
H60,House,SJRES11,"Providing for congressional disapproval under chapter 8 of title 5, United States Code, of the rule submitted by the Bureau of Ocean Energy Management relating to “Protection of Marine Archaeological Resources”"
H61,House,HRES189,Censuring Representative Al Green of Texas
H62,House,HR495,Subterranean Border Defense Act
H63,House,HR901,Research Security and Accountability in DHS Act
H64,House,HR993,Emerging Innovative Border Technologies Act
H65,House,HRES211,Providing for consideration of the joint resolution (H.J. Res. 25); providing for consideration of the bill (H.R. 1156); providing for consideration of the bill (H.R. 1968); and for other purposes.
H66,House,HRES211,Providing for consideration of the joint resolution (H.J. Res. 25); providing for consideration of the bill (H.R. 1156); providing for consideration of the bill (H.R. 1968); and for other purposes.
H67,House,HR1156,Pandemic Unemployment Fraud Enforcement Act
H68,House,HR1968,"Full-Year Continuing Appropriations and Extensions Act, 2025"
H69,House,HR1968,"Full-Year Continuing Appropriations and Extensions Act, 2025"
H70,House,HJRES25,"Providing for congressional disapproval under chapter 8 of title 5, United States Code, of the rule submitted by the Internal Revenue Service relating to “Gross Proceeds Reporting by Brokers That Regularly Provide Services Effectuating Digital Asset Sales”"
H71,House,HR359,Cost-Share Accountability Act
H72,House,HR1326,DOE and USDA Interagency Research Act
H73,House,HR1534,IMPACT Act
H74,House,HRES242,"Providing for consideration of the joint resolutions H. J. Res 24 and H. J. Res. 75; and providing for consideration of the bill H.R. 1048, and for other purposes"
H75,House,HRES242,"Providing for consideration of the joint resolutions H. J. Res 24 and H. J. Res. 75; and providing for consideration of the bill H.R. 1048, and for other purposes"
H76,House,HJRES24,"Providing for congressional disapproval under chapter 8 of title 5, United States Code, of the rule submitted by the Department of Energy relating to “Energy Conservation Program: Energy Conservation Standards for Walk-In Coolers and Walk-In Freezers”"
H77,House,HJRES75,"Providing for congressional disapproval of the rule submitted by the Office of Energy Efficiency and Renewable Energy, Department of Energy relating to “Energy Conservation Program: Energy Conservation Standards for Commercial Refrigerators, Freezers, and Refrigerator-Freezers”"
H78,House,HR1048,On Agreeing to the Amendment
H79,House,HR1048,On Agreeing to the Amendment
H80,House,HR1048,On Agreeing to the Amendment
H81,House,HR1048,On Agreeing to the Amendment
H82,House,HR1048,DETERRENT Act
H83,House,HR517,Filing Relief for Natural Disasters Act
H84,House,HR997,National Taxpayer Advocate Enhancement Act
H85,House,HRES282,Providng for consideration of the joint resolutions S.J.Res. 18 and S.J.Res 28; providing for consideration of the bills H.R. 1526 and H.R. 22; and for other purposes
H86,House,HRES282,Providng for consideration of the joint resolutions S.J.Res. 18 and S.J.Res 28; providing for consideration of the bills H.R. 1526 and H.R. 22; and for other purposes
H87,House,HR1491,Disaster Related Extension of Deadlines Act
H88,House,HR586,Vietnam Veterans Liver Fluke Cancer Study Act
H89,House,HR1039,Clear Communication for Veterans Claims Act
H90,House,HRES294,Providing for consideration of the joint resolutions S.J. Res. 18 and S.J. Res. 28; providing for consideration of the bills H.R. 1526 and H.R. 22; and for other purposes
H91,House,HRES294,Providing for consideration of the joint resolutions S.J. Res. 18 and S.J. Res. 28; providing for consideration of the bills H.R. 1526 and H.R. 22; and for other purposes
H92,House,HRES313,"Providing for consideration of the Senate amendment to the concurrent resolution (H. Con. Res. 14) establishing the congressional budget for the United States Government for fiscal year 2025 and setting forth the appropriate budgetary levels for fiscal years 2026 through 2034, and for other purposes"
H93,House,HRES313,"Providing for consideration of the Senate amendment to the concurrent resolution (H. Con. Res. 14) establishing the congressional budget for the United States Government for fiscal year 2025 and setting forth the appropriate budgetary levels for fiscal years 2026 through 2034, and for other purposes"
H94,House,SJRES28,Disappoving the rule submitted by the Bureau of Consumer Financial Protection relating to “Defining Larger Participants of a Market for General-Use Digital Consumer Payment Applications”
H95,House,SJRES18,Disapproving the rule submitted by the Bureau of Consumer Financial Protection relating to “Overdraft Lending: Very Large Financial Institutions”
H96,House,HR1526,No Rogue Rulings Act
H97,House,HR1526,No Rogue Rulings Act
H98,House,HR1228,Prioritizing Veterans’ Survivors Act
H99,House,HCONRES14,Establishing the congressional budget for the United States Government for fiscal year 2025 and setting forth the appropriate budgetary levels for fiscal years 2026 through 2034
H100,House,HR22,SAVE Act
H101,House,HR22,SAVE Act
H102,House,HR973,Setting Consumer Standards for Lithium-Ion Batteries Act
H103,House,S146,TAKE IT DOWN Act
H104,House,HRES354,"Providing for consideration of the joint resolutions H.J. Res. 60, H.J. Res. 78, H.J. Res. 87, H.J. Res. 88, and H.J. Res. 89"
H105,House,HRES354,"Providing for consideration of the joint resolutions H.J. Res. 60, H.J. Res. 78, H.J. Res. 87, H.J. Res. 88, and H.J. Res. 89"
H106,House,HR1402,TICKET Act
H107,House,HR1442,Youth Poisoning Protection Act
H108,House,HR859,Informing Consumers about Smart Devices Act
H109,House,HJRES60,"Providing for congressional disapproval under chapter 8 of title 5, United States Code, of the rule submitted by the National Park Service relating to “Glen Canyon National Recreation Area: Motor Vehicles”"
H110,House,HJRES87,"Congressional disapproval, of the rule submitted by the EPA relating to “CA Motor Vehicle and Engine Pollution Control Standards; Heavy-Duty Vehicle and Engine Em Warranty and Maintenance Provisions; Advanced Clean Trucks; Zero Em Airport Shuttle; Zero-Em Power Train Cert.; Waiver of Preemption; Notice of Decision”"
H111,House,HJRES89,"Congressional disapproval, of the rule submitted by the EPA relating to “California State Motor Vehicle and Engine and Nonroad Engine Pollution Control Standards; The ’Omnibus’ Low NOX Regulation; Waiver of Preemption; Notice of Decision”"
H112,House,HJRES78,"Congressional disapproval, of the rule submitted by the United States Fish and Wildlife Service relating to “Endangered and Threatened Wildlife and Plants; Endangered Species Status for the San Francisco Bay-Delta Distinct Population Segment of the Longfin Smelt”"
H113,House,HJRES88,"Congressional disapproval, of the rule submitted by the EPA relating to “California State Motor Vehicle and Engine Pollution Control Standards; Advanced Clean Cars II; Waiver of Preemption; Notice of Decision”"
H114,House,HR530,ACES Act
H115,House,HR36,MEGOBARI Act
H116,House,HRES377,"Providing for consideration of the bill (H.R. 276) Gulf of America Act, and providing for consideration of the bill (H.R. 881) DHS Restrictions on Confucius Institutes and Chinese Entities of Concern Act"
H117,House,HRES377,"Providing for consideration of the bill (H.R. 276) Gulf of America Act, and providing for consideration of the bill (H.R. 881) DHS Restrictions on Confucius Institutes and Chinese Entities of Concern Act"
H118,House,HR1503,Stop Forced Organ Harvesting Act
H119,House,HR881,DHS Restrictions on Confucius Institutes and Chinese Entities of Concern Act
H120,House,HR276,Gulf of America Act
H121,House,HR276,Gulf of America Act
H122,House,HCONRES30,Expressing support for local law enforcement officers
H123,House,HR249,"To redesignate certain facilities at Paterson Great Falls National Historical Park in honor of Congressman Bill Pascrell, Jr."
H124,House,HR2215,Salem Maritime National Historical Park Redesignation and Boundary Study Act
H125,House,HRES405,"Providing for consideration of the bills (H.R. 2240) Improving Law Enforcement Officer Safety and Wellness Through Data Act, (H.R. 2243) LEOSA Reform Act, and (H.R. 2255) Federal Law Enforcement Officer Service Weapon Purchase Act"
H126,House,HRES405,"Providing for consideration of the bills (H.R. 2240) Improving Law Enforcement Officer Safety and Wellness Through Data Act, (H.R. 2243) LEOSA Reform Act, and (H.R. 2255) Federal Law Enforcement Officer Service Weapon Purchase Act"
H127,House,HR2243,LEOSA Reform Act
H128,House,HRES352,Calling on elected officials and civil society leaders to counter antisemitism and educate the public on the contributions of the Jewish American community
H129,House,HR2255,Federal Law Enforcement Officer Service Weapon Purchase Act
H130,House,HR2240,Improving Law Enforcement Officer Safety and Wellness Through Data Act
H131,House,HR1263,Strengthening the Quad Act
H132,House,HR1286,Simplifying Forms for Veterans Claims Act
H133,House,HRES426,Providing for consideration of the joint resolutions S.J. Res. 13 and S.J. Res. 31; and waiving a requirement of clause 6(a) of rule XIII with respect to consideration of certain resolutions reported from the Committee on Rules
H134,House,HRES426,Providing for consideration of the joint resolutions S.J. Res. 13 and S.J. Res. 31; and waiving a requirement of clause 6(a) of rule XIII with respect to consideration of certain resolutions reported from the Committee on Rules
H135,House,HR1223,ANCHOR Act
H136,House,SJRES13,Providing for congressional disapproval of the rule submitted by the Office of the Comptroller of the Currency of the Department of the Treasury relating to the review of applications under the Bank Merger Act
H137,House,,On Motion to Adjourn
H138,House,HRES436,Providing for consideration of the bill (H.R. 1) to provide for reconciliation pursuant to title II of H. Con. Res. 14
H139,House,HRES436,Providing for consideration of the bill (H.R. 1) to provide for reconciliation pursuant to title II of H. Con. Res. 14
H140,House,HRES436,Providing for consideration of the bill (H.R. 1) to provide for reconciliation pursuant to title II of H. Con. Res. 14
H141,House,HRES436,Providing for consideration of the bill (H.R. 1) to provide for reconciliation pursuant to title II of H. Con. Res. 14
H142,House,SJRES31,Providing for congressional disapproval of the rule submitted by the Environmental Protection Agency relating to “Review of Final Rule Reclassification of Major Sources as Area Sources Under Section 112 of the Clean Air Act”
H143,House,HR1,One Big Beautiful Act
H144,House,HR1,One Big Beautiful Act
H145,House,HR1642,Connecting Small Businesses with Career and Technical Education Graduates Act
H146,House,HR1804,7(a) Loan Agent Oversight Act
H147,House,HRES458,Providing for consideration of the bills (H.R. 2483) the SUPPORT for Patients and Communities Reauthorization Act; (H.R. 2931) the Save SBA from Sanctuary Cities Act; (H.R. 2966) the American Entrepreneurs First Act; and (H.R. 2987) the CEASE Act
H148,House,HRES458,Providing for consideration of the bills (H.R. 2483) the SUPPORT for Patients and Communities Reauthorization Act; (H.R. 2931) the Save SBA from Sanctuary Cities Act; (H.R. 2966) the American Entrepreneurs First Act; and (H.R. 2987) the CEASE Act
H149,House,HR2483,On Agreeing to the Amendment
H150,House,HR2483,SUPPORT for Patients and Communities Reauthorization Act
H151,House,HR2931,Save SBA from Sanctuary Cities Act
H152,House,HR2931,Save SBA from Sanctuary Cities Act
H153,House,HR2987,CEASE Act
H154,House,HR2987,CEASE Act
H155,House,HR2966,American Entrepreneurs First Act
H156,House,HR2035,American Cargo for American Ships Act
H157,House,HRES488,"Denouncing the antisemitic terrorist attack in Boulder, Colorado"
H158,House,HRES481,"Condemning the rise in ideologically motivated attacks on Jewish individuals in the United States, including the recent violent assault in Boulder, Colorado, and reaffirming the House of Representatives commitment to combatting antisemitism and politically motivated violence"
H159,House,HRES489,"Providing for consideration of the bills H.R. 884, H.R. 2056, H.R. 2096, S. 331, and for other purposes"
H160,House,HRES489,"Providing for consideration of the bills H.R. 884, H.R. 2056, H.R. 2096, S. 331, and for other purposes"
H161,House,HR2096,Protecting Our Nation’s Capital Emergency Act
H162,House,HR884,To prohibit individuals who are not citizens of the United States from voting in elections in the District of Columbia and to repeal the Local Resident Voting Rights Amendment Act of 2022
H163,House,HRES499,Providing for consideration of the bill (H.R. 4) the Rescissions Act; and for other purposes
H164,House,HRES499,Providing for consideration of the bill (H.R. 4) the Rescissions Act; and for other purposes
H165,House,S331,HALT Fentanyl Act
H166,House,HR4,Rescissions Act
H167,House,HR4,Rescissions Act
H168,House,,On Motion to Adjourn
H169,House,HR2056,District of Columbia Federal Immigration Compliance Act
H170,House,HR2056,District of Columbia Federal Immigration Compliance Act
H171,House,HR1998,Sanction Sea Pirates Act
H172,House,HR3394,Fair Investment Opportunities for Professional Experts Act
H173,House,HR3422,Promoting Opportunities for Non-Traditional Capital Formation Act
H174,House,HRES537,"Impeaching Donald J. Trump, President of the United States, for high crimes and misdemeanors"
H175,House,HRES530,"Providing for consideration of the bills H.R. 3944, H.R. 275, H.R. 875, and providing for consideration of the resolution H.Res. 516"
H176,House,HRES530,"Providing for consideration of the bills H.R. 3944, H.R. 275, H.R. 875, and providing for consideration of the resolution H.Res. 516"
H177,House,,On Motion to Adjourn
H178,House,HRES519,"Condemning the attacks on Minnesota lawmakers in Brooklyn Park and Champlin, Minnesota, and calling for unity and the rejection of political violence in Minnesota and across the United States"
H179,House,HR3944,On Agreeing to the Amendment
H180,House,HR3944,"Military Construction, Veterans Affairs, and Related Agencies Appropriations Act, 2026"
H181,House,HR3944,"Military Construction, Veterans Affairs, and Related Agencies Appropriations Act, 2026"
H182,House,HR875,Jeremy and Angel Seay and Sergeant Brandon Mendoza Protect Our Communities from DUIs Act
H183,House,HR275,Special Interest Alien Reporting Act
H184,House,HRES516,"Condemning the violent June 2025 riots in Los Angeles, California"
H185,House,HRES566,Providing for consideration of the Senate amendment to the bill (H.R. 1) to provide for reconciliation pursuant to title II of H. Con. Res. 14
H186,House,HRES566,Providing for consideration of the Senate amendment to the bill (H.R. 1) to provide for reconciliation pursuant to title II of H. Con. Res. 14
H187,House,HRES566,On Agreeing to the Amendment
H188,House,HRES566,Providing for consideration of the Senate amendment to the bill (H.R. 1) to provide for reconciliation pursuant to title II of H. Con. Res. 14
H189,House,HR1,One Big Beautiful Bill Act
H190,House,HR1709,Understanding Cybersecurity of Mobile Networks Act
H191,House,HR1770,Consumer Safety Technology Act
H192,House,S1596,Jocelyn Nungaray National Wildlife Refuge Act
H193,House,HRES580,"Providing for consideration of the bills (H.R. 4016) Department of Defense Appropriations Act, 2026; (H.R. 3633) CLARITY Act; (H.R. 1919) Anti-CBDC Surveillance State Act; and (S. 1582) GENIUS Act"
H194,House,HRES580,"Providing for consideration of the bills (H.R. 4016) Department of Defense Appropriations Act, 2026; (H.R. 3633) CLARITY Act; (H.R. 1919) Anti-CBDC Surveillance State Act; and (S. 1582) GENIUS Act"
H195,House,HR1717,Communications Security Act
H196,House,HRES580,"Providing for consideration of the bills (H.R. 4016) Department of Defense Appropriations Act, 2026; (H.R. 3633) CLARITY Act; (H.R. 1919) Anti-CBDC Surveillance State Act; and (S. 1582) GENIUS Act"
H197,House,HRES580,"Providing for consideration of the bills (H.R. 4016) Department of Defense Appropriations Act, 2026; (H.R. 3633) CLARITY Act; (H.R. 1919) Anti-CBDC Surveillance State Act; and (S. 1582) GENIUS Act"
H198,House,HR3633,CLARITY Act
H199,House,S1582,GENIUS Act
H200,House,HR1919,Anti-CBDC Surveillance State Act
H201,House,HRES590,"Relating to consideration of the Senate amendment to the bill (H.R. 4) to rescind certain budget authority proposed to be rescinded in special messages transmitted to the Congress by the President on June 3, 2025, in accordance with section 1012(a) of the Congressional Budget and Impoundment Control Act of 1974"
H202,House,HRES590,"Relating to consideration of the Senate amendment to the bill (H.R. 4) to rescind certain budget authority proposed to be rescinded in special messages transmitted to the Congress by the President on June 3, 2025, in accordance with section 1012(a) of the Congressional Budget and Impoundment Control Act of 1974"
H203,House,HR4016,On Agreeing to the Amendment
H204,House,HR4016,On Agreeing to the Amendment
H205,House,HR4016,On Agreeing to the Amendment
H206,House,HR4016,On Agreeing to the Amendment
H207,House,HR4016,On Agreeing to the Amendment
H208,House,HR4016,On Agreeing to the Amendment
H209,House,HR4016,On Agreeing to the Amendment
H210,House,HR4016,"Department of Defense Appropriations Act, 2026"
H211,House,HR4016,"Department of Defense Appropriations Act, 2026"
H212,House,HR3095,"To direct the United States Postal Service to designate single, unique ZIP Codes for certain communities, and for other purposes"
H213,House,HR3351,Improving Access to Small Business Information Act
H214,House,HR3937,Wabeno Economic Development Act
H215,House,HR1917,Great Lakes Mass Marking Program Act
H216,House,HR3357,Enhancing Multi-Class Share Disclosures Act
H217,House,HR4275,Coast Guard Authorization Act
H218,House,HR4216,Made-in-America Defense Act
H219,House,HR747,Stop Chinese Fentanyl Act
H220,House,HRES672,"Providing for consideration of the bill H.R. 4553 the Energy and Water Development and Related Agencies Appropriations Act, 2026; providing for consideration of the joint resolutions H.J. Res. 104, H.J. Res. 105, and H.J. Res. 106; and for other purposes"
H221,House,HRES672,"Providing for consideration of the bill H.R. 4553 the Energy and Water Development and Related Agencies Appropriations Act, 2026; providing for consideration of the joint resolutions H.J. Res. 104, H.J. Res. 105, and H.J. Res. 106; and for other purposes"
H222,House,HRES539,Censuring Representative LaMonica McIver and removing her from the Committee on Homeland Security.
H223,House,HJRES104,"Providing for congressional disapproval under chapter 8 of title 5, United States Code, of the rule submitted by the Bureau of Land Management relating to “Miles City Field Office Record of Decision and Approved Resource Management Plan Amendment”"
H224,House,HJRES106,"Providing for congressional disapproval under chapter 8 of title 5, United States Code, of the rule submitted by the Bureau of Land Management relating to “Central Yukon Record of Decision and Approved Resource Management Plan”"
H225,House,HJRES105,"Providing for congressional disapproval under chapter 8 of title 5, United States Code, of the rule submitted by the Bureau of Land Management relating to “North Dakota Field Office Record of Decision and Approved Resource Management Plan”"
H226,House,HR4553,On Agreeing to the Amendment
H227,House,HR4553,On Agreeing to the Amendment
H228,House,HR4553,On Agreeing to the Amendment
H229,House,HR4553,On Agreeing to the Amendment
H230,House,HR4553,On Agreeing to the Amendment
H231,House,HR4553,On Agreeing to the Amendment
H232,House,HR4553,On Agreeing to the Amendment
H233,House,HR4553,On Agreeing to the Amendment
H234,House,HR4553,On Agreeing to the Amendment
H235,House,HR4553,On Agreeing to the Amendment
H236,House,HR4553,On Agreeing to the Amendment
H237,House,HR4553,"Energy and Water Development and Related Agencies Appropriations Act, 2026"
H238,House,HR4553,"Energy and Water Development and Related Agencies Appropriations Act, 2026"
H239,House,HR3424,SPACE Act
H240,House,HR3425,POST Act
H241,House,HRES682,"Providing for consideration of the bill (H.R. 3838) Streamlining Procurement for Effective Execution and Delivery and National Defense Authorization Act for FY 2026, and providing for consideration of the bill (H.R. 3486) Stop Illegal Entry Act, and for other purposes"
H242,House,HRES682,"Providing for consideration of the bill (H.R. 3838) Streamlining Procurement for Effective Execution and Delivery and National Defense Authorization Act for FY 2026, and providing for consideration of the bill (H.R. 3486) Stop Illegal Entry Act, and for other purposes"
H243,House,HR3838,On Agreeing to the Amendment
H244,House,HR3838,On Agreeing to the Amendment
H245,House,HR3838,On Agreeing to the Amendment
H246,House,HR3838,On Agreeing to the Amendment
H247,House,HR3838,On Agreeing to the Amendment
H248,House,HR3838,On Agreeing to the Amendment
H249,House,HR3838,On Agreeing to the Amendment
H250,House,HR3838,On Agreeing to the Amendment
H251,House,HR3838,On Agreeing to the Amendment
H252,House,HR3838,On Agreeing to the Amendment
H253,House,HR3838,On Agreeing to the Amendment
H254,House,HR3838,On Agreeing to the Amendment
H255,House,HR3838,On Agreeing to the Amendment
H256,House,HR3838,On Agreeing to the Amendment
H257,House,HR3838,On Agreeing to the Amendment
H258,House,HR3838,On Agreeing to the Amendment
H259,House,HR3838,On Agreeing to the Amendment
H260,House,HR3838,Streamlining Procurement for Effective Execution and Delivery and National Defense Authorization Act for Fiscal Year 2026
H261,House,HR3838,Streamlining Procurement for Effective Execution and Delivery and National Defense Authorization Act for Fiscal Year 2026
H262,House,HR3944,"Military Construction, Veterans Affairs, and Related Agencies Appropriations Act, 2026"
H263,House,HR3486,Stop Illegal Entry Act
H264,House,HJRES117,"Relating to a national emergency by the President on July 30, 2025"
H265,House,HR3400,TRAVEL Act
H266,House,HRES707,"Providing for consideration of the bills H.R. 4922, H.R. 5143, H.R. 5140, H.R. 5125, H.R. 1047, H.R. 3015, and H.R. 3062; and for other purposes"
H267,House,HRES707,"Providing for consideration of the bills H.R. 4922, H.R. 5143, H.R. 5140, H.R. 5125, H.R. 1047, H.R. 3015, and H.R. 3062; and for other purposes"
H268,House,HR2721,Honoring our Heroes Act
H269,House,HR4922,DC CRIMES Act
H270,House,HR5140,To lower the age at which a minor may be tried as an adult for certain criminal offenses in the District of Columbia to 14 years of age
H271,House,HRES722,"Providing for consideration of the bill (H.R. 5371) Continuing Appropriations and Extensions Act, 2026; providing for consideration of the resolution (H. Res. 719) honoring the life and legacy of Charles “Charlie” James Kirk; and for other purposes"
H272,House,HRES722,"Providing for consideration of the bill (H.R. 5371) Continuing Appropriations and Extensions Act, 2026; providing for consideration of the resolution (H. Res. 719) honoring the life and legacy of Charles “Charlie” James Kirk; and for other purposes"
H273,House,HR5125,District of Columbia Judicial Nominations Reform Act
H274,House,HR5143,District of Columbia Policing Protection Act
H275,House,HRES713,Censuring Representative Ilhan Omar of Minnesota and removing her from the Committee on Education and Workforce and the Committee on the Budget
H276,House,HR3062,Promoting Cross-border Energy Infrastructure Act
H277,House,HR3015,National Coal Council Reestablishment Act
H278,House,HR1047,GRID Power Act
H279,House,HR5371,"Continuing Appropriations and Extensions Act, 2026"
H280,House,HR5371,"Continuing Appropriations and Extensions Act, 2026"
H281,House,HRES719,Honoring the life and legacy of Charles “Charlie” James Kirk
H282,House,HRES873,"Providing for consideration of the Senate amendment to the bill (H.R. 5371) making continuing appropriations and extensions for fiscal year 2026, and for other purposes"
H283,House,HRES873,"Providing for consideration of the Senate amendment to the bill (H.R. 5371) making continuing appropriations and extensions for fiscal year 2026, and for other purposes"
H284,House,HR5371,"Continuing Appropriations and Extensions Act, 2026"
H285,House,HR1608,Department of Homeland Security Vehicular Terrorism Prevention and Mitigation Act
H286,House,HR2659,Strengthening Cyber Resilience Against State-Sponsored Threats Act
H287,House,HRES878,Disapproving the behavior of Representative Jesus G. “Chuy” Garcia of Illinois
H288,House,HR4405,Epstein Files Transparency Act
H289,House,HRES879,"Providing for consideration of the joint resolutions S.J. Res. 80, H.J. Res. 130, and H.J. Res. 131; providing for consideration of the concurrent resolution H. Con. Res. 58; providing for consideration of the bills H.R. 1949, H.R. 3109, H.R. 5107, and H.R. 5214; and for other purposes"
H290,House,HRES879,"Providing for consideration of the joint resolutions S.J. Res. 80, H.J. Res. 130, and H.J. Res. 131; providing for consideration of the concurrent resolution H. Con. Res. 58; providing for consideration of the bills H.R. 1949, H.R. 3109, H.R. 5107, and H.R. 5214; and for other purposes"
H291,House,HRES878,Disapproving the behavior of Representative Jesus G. “Chuy” Garcia of Illinois
H292,House,HRES888,Censuring and condemning Delegate Stacey Plaskett and removing her from the House Permanent Select Committee on Intelligence for conduct that reflects discreditably on the House of Representatives for colluding with convicted felony sex offender Jeffrey Epstein during a congressional hearing
H293,House,HJRES130,"Providing for congressional disapproval under chapter 8 of title 5, United States Code, of the rule submitted by the Bureau of Land Management relating to “Buffalo Field Office Record of Decision and Approved Resource Management Plan Amendment”"
H294,House,HJRES131,"Providing for congressional disapproval under chapter 8 of title 5, United States Code, of the rule submitted by the Bureau of Land Management relating to “Coastal Plain Oil and Gas Leasing Program Record of Decision”"
H295,House,SJRES80,"Providing for congressional disapproval under chapter 8 of title 5, United States Code, of the rule submitted by the Bureau of Land Management relating to “National Petroleum Reserve in Alaska Integrated Activity Plan Record of Decision"
H296,House,HRES888,Censuring and condemning Delegate Stacey Plaskett and removing her from the House Permanent Select Committee on Intelligence for conduct that reflects discreditably on the House of Representatives for colluding with convicted felony sex offender Jeffrey Epstein during a congressional hearing
H297,House,HR5214,District of Columbia Cash Bail Reform Act
H298,House,HR5107,CLEAN DC Act
H299,House,HR4058,Enhancing Stakeholder Support and Outreach for Preparedness Grants Act
H300,House,HR6019,"To repeal certain provisions relating to notification to Senate offices regarding legal process on disclosure of Senate data, and for other purposes"
H301,House,HRES893,Censuring Representative Cory Mills and Removing Him From the Committee on Armed Services and the Committee on Foreign Affairs
H302,House,HR3109,REFINER Act
H303,House,HR1949,Unlocking our Domestic LNG Potential Act
H304,House,HCONRES58,Denouncing the horrors of socialism
H305,House,HR5348,Social Security Child Protection Act
H306,House,HR4423,No New Burma Funds Act
H307,House,HRES916,Providing for consideration of the bills (H.R. 4312) SCORE Act; (H.R. 1005) CLASS Act; (H.R. 1049) Transparency in Reporting of Adversarial Contributions to Education Act; (H.R. 1069) PROTECT Our Kids Act; (H.R. 2965) Small Business Regulatory Reduction Act; and (H.R. 4305) DUMP Red Tape Act
H308,House,HRES916,Providing for consideration of the bills (H.R. 4312) SCORE Act; (H.R. 1005) CLASS Act; (H.R. 1049) Transparency in Reporting of Adversarial Contributions to Education Act; (H.R. 1069) PROTECT Our Kids Act; (H.R. 2965) Small Business Regulatory Reduction Act; and (H.R. 4305) DUMP Red Tape Act
H309,House,HR2965,Small Business Regulatory Reduction Act
H310,House,HR4305,DUMP Red Tape Act
H311,House,HR1005,CLASS Act
H312,House,HR1069,PROTECT Our Kids Act
H313,House,HR1049,TRACE Act
H314,House,S356,Secure Rural Schools Reauthorization Act
H315,House,HR1676,Make SWAPs Efficient Act
H316,House,HRES936,"Providing for consideration of the bills H.R. 3898, H.R. 3383, H.R. 3638, H.R. 3628, H.R. 3668, and S. 1071; and for other purposes"
H317,House,HRES936,"Providing for consideration of the bills H.R. 3898, H.R. 3383, H.R. 3638, H.R. 3628, H.R. 3668, and S. 1071; and for other purposes"
H318,House,S1071,"To require the Secretary of Veterans Affairs to disinter the remains of Fernando V. Cota from Fort Sam Houston National Cemetery, Texas, and for other purposes"
H319,House,S1071,"To require the Secretary of Veterans Affairs to disinter the remains of Fernando V. Cota from Fort Sam Houston National Cemetery, Texas, and for other purposes"
H320,House,HRES432,"Providing for consideration of the bill (H.R. 2550) to nullify the Executive Order relating to Exclusions from Federal Labor-Management Relations Programs, and for other purposes"
H321,House,HRES939,"Impeaching Donald John Trump, President of the United States for high crimes and misdemeanors"
H322,House,HR3628,State Planning for Reliability and Affordability Act
H323,House,HR3638,Electric Supply Chain Act
H324,House,HR3383,On Agreeing to the Amendment
H325,House,HR3383,On Agreeing to the Amendment
H326,House,HR3383,On Agreeing to the Amendment
H327,House,HR3383,Increasing Investor Opportunities Act
H328,House,HR3898,PERMIT Act
H329,House,HR3898,PERMIT Act
H330,House,HRES432,"Providing for consideration of the bill (H.R. 2550) to nullify the Executive Order relating to Exclusions from Federal Labor-Management Relations Programs, and for other purposes"
H331,House,HR2550,Protect America’s Workforce Act
H332,House,HR3668,Improving Interagency Coordination for Pipeline Reviews Act
H333,House,HR3668,Improving Interagency Coordination for Pipeline Reviews Act
H334,House,S284,Congressional Award Program Reauthorization Act
H335,House,HR3187,"To require the Secretary of Agriculture to convey a parcel of property of the Forest Service to Perry County, Arkansas, and for other purposes"
H336,House,HRES951,Providing for consideration of the bills (H.R. 4776) the SPEED Act; (H.R. 1366) the Mining Regulatory Clarity Act: (H.R. 845) the Pet and Livestock Protection Act; (H.R. 3616) the Reliable Power Act; (H.R. 3632) the Power Plant Reliability Act; and (H.R. 4371) the Kayla Hamilton Act
H337,House,HRES951,Providing for consideration of the bills (H.R. 4776) the SPEED Act; (H.R. 1366) the Mining Regulatory Clarity Act: (H.R. 845) the Pet and Livestock Protection Act; (H.R. 3616) the Reliable Power Act; (H.R. 3632) the Power Plant Reliability Act; and (H.R. 4371) the Kayla Hamilton Act
H338,House,HR4371,Kayla Hamilton Act
H339,House,HR4371,Kayla Hamilton Act
H340,House,HR3632,Power Plant Reliability Act
H341,House,HR3632,Power Plant Reliability Act
H342,House,HRES953,Providing for consideration of the bills (H.R. 6703) Lower Health Care Premiums for All Americans Act; (H.R. 498) Do No Harm in Medicaid Act; and (H.R. 3492) Protect Children’s Innocence Act; and relating to consideration of the bill (H.R. 4776) SPEED Act
H343,House,HRES953,Providing for consideration of the bills (H.R. 6703) Lower Health Care Premiums for All Americans Act; (H.R. 498) Do No Harm in Medicaid Act; and (H.R. 3492) Protect Children’s Innocence Act; and relating to consideration of the bill (H.R. 4776) SPEED Act
H344,House,HCONRES61,"Directing the President, pursuant to section 5(c) of the War Powers Resolution, to remove United States Armed Forces from hostilities with presidentially designated terrorist organizations in the Western Hemisphere"
H345,House,HCONRES64,To direct the removal of United States Armed Forces from hostilities within or against Venezuela that have not been authorized by Congress
H346,House,HR3616,Reliable Power Act
H347,House,HR6703,Lower Health Care Premiums for All Americans Act
H348,House,HR6703,Lower Health Care Premiums for All Americans Act
H349,House,HR3492,Protect Children’s Innocence Act
H350,House,HR3492,Protect Children’s Innocence Act
H351,House,HR4776,On Agreeing to the Amendment
H352,House,HR4776,On Agreeing to the Amendment
H353,House,HR4776,On Agreeing to the Amendment
H354,House,HR4776,SPEED Act
H355,House,HR4776,SPEED Act
H356,House,HR1366,Mining Regulatory Clarity Act
H357,House,HR1366,Mining Regulatory Clarity Act
H358,House,HR845,Pet and Livestock Protection Act
H359,House,HR845,Pet and Livestock Protection Act
H360,House,HR498,Do No Harm in Medicaid Act
H361,House,HR498,Do No Harm in Medicaid Act
H362,House,HRES977,"Providing for consideration of the bill (H.R. 4593) the SHOWER Act; providing for consideration of the bill (H.R. 5184) the Affordable HOMES Act; and providing for consideration of the bill (H.R. 6938) making consolidated appropriations for the fiscal year ending September 30, 2026, and for other purposes"
H363,House,HRES977,"Providing for consideration of the bill (H.R. 4593) the SHOWER Act; providing for consideration of the bill (H.R. 5184) the Affordable HOMES Act; and providing for consideration of the bill (H.R. 6938) making consolidated appropriations for the fiscal year ending September 30, 2026, and for other purposes"
H364,House,HRES780,Providing for consideration of the bill (H.R. 1834) to advance policy priorities that will break the gridlock
H365,House,HR6938,"Commerce, Justice, Science; Energy and Water Development; and Interior and Environment Appropriations Act, 2026"
H366,House,HR6938,"Commerce, Justice, Science; Energy and Water Development; and Interior and Environment Appropriations Act, 2026"
H367,House,HR6938,"Commerce, Justice, Science; Energy and Water Development; and Interior and Environment Appropriations Act, 2026"
H368,House,HR504,Miccosukee Reserved Area Amendments Act
H369,House,HR131,Finish the Arkansas Valley Conduit Act
H370,House,HRES780,Providing for consideration of the bill (H.R. 1834) to advance policy priorities that will break the gridlock
H371,House,HR1834,Breaking the Gridlock Act
H372,House,HR5184,Affordable HOMES Act
H373,House,HR2683,Remote Access Security Act
H374,House,HR6500,AGOA Extension Act
H375,House,HR6504,Haiti Economic Lift Program Extension Act
H376,House,HRES988,Providing for consideration of (H.R. 2988) Protecting Prudent Investment of Retirement Savings Act; (H.R. 2262) Flexibility for Workers Education Act; (H.R. 2270) Empowering Employer Child and Elder Care Solutions Act; (H.R. 2312) Tipped Employee Protection Act; and (H.R. 4366) Save Local Business Act
H377,House,HRES988,Providing for consideration of (H.R. 2988) Protecting Prudent Investment of Retirement Savings Act; (H.R. 2262) Flexibility for Workers Education Act; (H.R. 2270) Empowering Employer Child and Elder Care Solutions Act; (H.R. 2312) Tipped Employee Protection Act; and (H.R. 4366) Save Local Business Act
H378,House,HR2262,Flexibility for Workers Education Act
H379,House,HR2262,Flexibility for Workers Education Act
H380,House,HR2270,Empowering Employer Child and Elder Care Solutions Act
H381,House,HR2312,Tipped Employee Protection Act
H382,House,HR4593,SHOWER Act
H383,House,HR4593,SHOWER Act
H384,House,HRES992,"Providing for consideration of the bill (H.R. 7006) the Financial Services and General Government and National Security, Department of State, and Related Programs Appropriations Act, 2026"
H385,House,HRES992,"Providing for consideration of the bill (H.R. 7006) the Financial Services and General Government and National Security, Department of State, and Related Programs Appropriations Act, 2026"
H386,House,HR7006,On Agreeing to the Amendment
H387,House,HR7006,On Agreeing to the Amendment
H388,House,HR7006,"Financial Services and General Government and National Security, Department of State, and Related Programs Appropriations Act, 2026"
H389,House,HR2988,On Agreeing to the Amendment
H390,House,HR2988,Protecting Prudent Investment of Retirement Savings Act
H391,House,HR2988,Protecting Prudent Investment of Retirement Savings Act
H392,House,HR5763,Main Street Parity Act
H393,House,HR5764,AI for Main Street Act
H394,House,HRES1009,Providing for consideration of the bills H.R. 6945 and H.R. 6359; and providing for consideration of the joint resolution H.J. Res. 140
H395,House,HRES1009,Providing for consideration of the bills H.R. 6945 and H.R. 6359; and providing for consideration of the joint resolution H.J. Res. 140
H396,House,HR6945,Supporting Pregnant and Parenting Women and Families Act
H397,House,HR6945,Supporting Pregnant and Parenting Women and Families Act
H398,House,HJRES140,"Providing for congressional disapproval under chapter 8 of title 5, United States Code, of the rule submitted by the Bureau of Land Management relating to Public Land Order No. 7917 for Withdrawal of Federal Lands; Cook, Lake, and Saint Louis Counties, MN"
H399,House,HRES1014,"Providing for consideration of the bill (H.R. 7148) the Consolidated Appropriations Act, 2026; providing for consideration of the bill (H.R. 7147) the Department of Homeland Security Appropriations Act, 2026; and for other purposes"
H400,House,HRES1014,On Agreeing to the Amendment
H401,House,HRES1014,"Providing for consideration of the bill (H.R. 7148) the Consolidated Appropriations Act, 2026; providing for consideration of the bill (H.R. 7147) the Department of Homeland Security Appropriations Act, 2026; and for other purposes"
H402,House,HR7147,"Making further consolidated appropriations for the fiscal year ending September 30, 2026, and for other purposes"
H403,House,HR7148,On Agreeing to the Amendment
H404,House,HR7148,On Agreeing to the Amendment
H405,House,HR7148,"Consolidated Appropriations Act, 2026"
H406,House,HR6359,Pregnant Students’ Rights Act
H407,House,HR6359,Pregnant Students’ Rights Act
H408,House,HCONRES68,To direct the removal of United States Armed Forces from Venezuela that have not been authorized by Congress
H409,House,HR980,Veterans Readiness and Employment Improvement Act
H410,House,HR3123,Ernest Peltz Accrued Veterans Benefits Act
H411,House,HRES1032,Providing for consideration of the Senate amendments to the bill (H.R. 7148); providing for consideration of the joint resolution (H.J.Res. 142); and providing for consideration of the bill (H.R. 4090)
H412,House,HRES1032,Providing for consideration of the Senate amendments to the bill (H.R. 7148); providing for consideration of the joint resolution (H.J.Res. 142); and providing for consideration of the bill (H.R. 4090)
H413,House,HR7148,"Consolidated Appropriations Act, 2026"
H414,House,HR4090,Critical Mineral Dominance Act
H415,House,HR4090,Critical Mineral Dominance Act
H416,House,HJRES142,Disapproving the action of the District of Columbia Council in approving the D.C. Income and Franchise Tax Conformity and Revision Temporary Amendment Act of 2025
H417,House,HR6644,Housing for the 21st Century Act
H418,House,HR1531,PROTECT Taiwan Act
H419,House,HRES1042,Providing for consideration of the bill (H.R. 2189) the Law-Enforcement Innovate to De-Escalate Act; consideration of the bill (H.R. 261) the Undersea Cable Protection Act; consideration of the bill (H.R. 3617) the Securing America’s Critical Minerals Supply Act; and for other purposes
H420,House,HRES1042,Providing for consideration of the bill (H.R. 2189) the Law-Enforcement Innovate to De-Escalate Act; consideration of the bill (H.R. 261) the Undersea Cable Protection Act; consideration of the bill (H.R. 3617) the Securing America’s Critical Minerals Supply Act; and for other purposes
H421,House,HRES1057,Providing for consideration of the bills (S. 1383) the Veterans Accessibility Advisory Committee Act; (H.R. 2189) the Law-Enforcement Innovate to De-Escalate Act; (H.R. 261) the Undersea Cable Protection Act; and (H.R. 3617) the Securing America’s Critical Minerals Supply Act; and for other purposes
H422,House,HRES1057,Providing for consideration of the bills (S. 1383) the Veterans Accessibility Advisory Committee Act; (H.R. 2189) the Law-Enforcement Innovate to De-Escalate Act; (H.R. 261) the Undersea Cable Protection Act; and (H.R. 3617) the Securing America’s Critical Minerals Supply Act; and for other purposes
H423,House,HR3617,Securing America’s Critical Minerals Supply Act
H424,House,HR3617,Securing America’s Critical Minerals Supply Act
H425,House,HJRES72,"Relating to a national emergency by the President on February 1, 2025"
H426,House,HR261,Undersea Cable Protection Act
H427,House,HR261,Undersea Cable Protection Act
H428,House,S1383,Veterans Accessibility Advisory Committee Act
H429,House,S1383,Veterans Accessibility Advisory Committee Act
H430,House,HR2189,Law-Enforcement Innovate to De-Escalate Act
H431,House,HR6329,Information Quality Assurance Act
H432,House,S2503,ROTOR Act
H433,House,HRES1075,Providing for consideration of the bill (H.R. 4626) the Don’t Mess With My Home Appliances Act; and providing for consideration of the bill (H.R. 4758) the Homeowner Energy Freedom Act
H434,House,HRES1075,Providing for consideration of the bill (H.R. 4626) the Don’t Mess With My Home Appliances Act; and providing for consideration of the bill (H.R. 4758) the Homeowner Energy Freedom Act
H435,House,HR4626,Don’t Mess With My Home Appliances Act
H436,House,HR4626,Don’t Mess With My Home Appliances Act
H437,House,HR4758,Homeowner Energy Freedom Act
H438,House,HR4758,Homeowner Energy Freedom Act
H439,House,HRES1095,"Providing for consideration of the bill (H.R. 7744) making appropriations for the Department of Homeland Security for the fiscal year ending September 30, 2026, and for other purposes"
H440,House,HRES1095,"Providing for consideration of the bill (H.R. 7744) making appropriations for the Department of Homeland Security for the fiscal year ending September 30, 2026, and for other purposes"
H441,House,S723,Tribal Trust Land Homeownership Act
H442,House,HR6472,Territorial Student Access to Higher Education Act
H443,House,HRES1100,Directing the Committee on Ethics to preserve and publicly release records of the Committee’s review of violations or alleged violations of clause 9 (as it pertains to acts of sexual harassment) and clause 18 of rule XXIII of the Rules of the House of Representatives.
H444,House,HRES1099,Reaffirming Iran remains the largest state sponsor of terrorism
H445,House,HCONRES38,Directing the President pursuant to section 5(c) of the War Powers Resolution to remove United States Armed Forces from unauthorized hostilities in the Islamic Republic of Iran
H446,House,HR7744,"Department of Homeland Security Appropriations Act, 2026"
H447,House,HR7744,"Department of Homeland Security Appropriations Act, 2026"
H448,House,HR4294,MAWS Act
H449,House,S3971,Small Business Innovation and Economic Security Act
H450,House,HRES1115,Providing for consideration of the bill (H.R. 556) Protecting Access for Hunters and Anglers Act; providing for consideration of the bill (H.R. 1958) Deporting Fraudsters Act; and providing for consideration of the bill (H.R. 4638) BOWOW Act
H451,House,HRES1115,Providing for consideration of the bill (H.R. 556) Protecting Access for Hunters and Anglers Act; providing for consideration of the bill (H.R. 1958) Deporting Fraudsters Act; and providing for consideration of the bill (H.R. 4638) BOWOW Act
H452,House,HR556,Protecting Access for Hunters and Anglers Act
H453,House,HR556,Protecting Access for Hunters and Anglers Act
H454,House,HR1958,Deporting Fraudsters Act
H455,House,HJRES139,Proposing an amendment to the Constitution of the United States requiring a balanced budget for the Federal Government
H456,House,HR4638,BOWOW Act
H457,House,HR6422,American Water Stewardship Act
H458,House,HRES1131,Providing for consideration of (H.R. 8029) Pay Our Homeland Defenders Act; (H.R. 5103) Make the District of Columbia Safe and Beautiful Act; (H.R. 7084) Defending American Property Abroad Act; and (H. Res. 1128) Expressing the Support of the House of Representatives for the Department of Homeland Security
H459,House,HRES1131,Providing for consideration of (H.R. 8029) Pay Our Homeland Defenders Act; (H.R. 5103) Make the District of Columbia Safe and Beautiful Act; (H.R. 7084) Defending American Property Abroad Act; and (H. Res. 1128) Expressing the Support of the House of Representatives for the Department of Homeland Security
H460,House,HR5103,Make the District of Columbia Safe and Beautiful Act
H461,House,HR5103,Make the District of Columbia Safe and Beautiful Act
H462,House,HRES1128,Expressing the support of the House of Representatives for the Department of Homeland Security
H463,House,HR8029,Pay Our Homeland Defenders Act
H464,House,HR8029,Pay Our Homeland Defenders Act
H465,House,HR7084,Defending American Property Abroad Act
H466,House,,On Motion to Adjourn
H467,House,HRES1142,"Providing for disposition of the Senate amendment to the bill (H.R. 7147) Department of Homeland Security Appropriations Act, 2026"
H468,House,HRES1142,"Providing for disposition of the Senate amendment to the bill (H.R. 7147) Department of Homeland Security Appropriations Act, 2026"
H469,House,HR1011,Emergency Conservation Program Improvement Act
H470,House,HR7613,ALERT Act
H471,House,HRES1174,"Providing for consideration of the bills (H.R. 6387, H.R. 6398, and H.R. 6409); and providing for consideration of the resolution (H. Res. 1156)"
H472,House,HRES1174,"Providing for consideration of the bills (H.R. 6387, H.R. 6398, and H.R. 6409); and providing for consideration of the resolution (H. Res. 1156)"
H473,House,HRES965,Providing for consideration of the bill (H.R. 1689) to require the Secretary of Homeland Security to designate Haiti for temporary protected status
H474,House,HCONRES40,"Directing the President, pursuant to section 5(c) of the War Powers Resolution, to remove United States Armed Forces from hostilities with Iran"
H475,House,HR6409,FENCES Act
H476,House,HR6409,FENCES Act
H477,House,HR6398,RED Tape Act
H478,House,HR6398,RED Tape Act
H479,House,HRES965,Providing for consideration of the bill (H.R. 1689) to require the Secretary of Homeland Security to designate Haiti for temporary protected status
H480,House,HR1689,To require the Secretary of Homeland Security to designate Haiti for temporary protected status
H481,House,HRES1156,Expressing support for tax policies that support working families
H482,House,HRES1175,"Providing for consideration of the bill (H.R. 8035) to amend the FISA Amendments Act of 2008 to extend the authorities of title VII of the Foreign Intelligence Surveillance Act of 1978 through October 20, 2027, and for other purposes"
H483,House,HRES1175,On Agreeing to the Amendment
H484,House,HRES1175,"Providing for consideration of the bill (H.R. 8035) to amend the FISA Amendments Act of 2008 to extend the authorities of title VII of the Foreign Intelligence Surveillance Act of 1978 through October 20, 2027, and for other purposes"
H485,House,HR1681,Expediting Federal Broadband Deployment Reviews Act
H486,House,HR5200,Emergency Reporting Act
H487,House,HR5201,Kari’s Law Reporting Act
H488,House,HR2493,Improving Care in Rural America Reauthorization Act
H489,House,S1020,To require the Federal Energy Regulatory Commission to extend the time period during which licensees are required to commence construction of certain hydropower projects
H490,House,HRES1189,Providing for consideration of the bill H.R. 4690; providing for consideration of the resolution H. Res. 1182; providing for consideration of the bill H.R. 1897; and providing for consideration of the bill H.R. 5587
H491,House,HRES1189,Providing for consideration of the bill H.R. 4690; providing for consideration of the resolution H. Res. 1182; providing for consideration of the bill H.R. 1897; and providing for consideration of the bill H.R. 5587
H492,House,HRES1182,"Expressing support for rural communities across the United States as stewards of the environment, major suppliers of the United States energy resources, critical providers of food production and manufacturing capacity, and drivers of national economic stability, and recognizing the work of the House of Representatives"
H493,House,HR4690,Reliable Federal Infrastructure Act
H494,House,HR4690,Reliable Federal Infrastructure Act
H495,House,HR6387,FIRE Act
H496,House,HR6387,FIRE Act
H497,House,HR5587,HEATS Act
H498,House,HR7959,IRS Whistleblower Program Improvement Act
H499,House,HR227,Clergy Act
H500,House,HRES1224,"Providing for consideration of the bills H.R. 7567, H.R. 2616, S. 1318, and H.R. 1346; and providing for consideration of the concurrent resolution S. Con. Res. 33"
H501,House,HRES1224,"Providing for consideration of the bills H.R. 7567, H.R. 2616, S. 1318, and H.R. 1346; and providing for consideration of the concurrent resolution S. Con. Res. 33"
H502,House,S1318,Fallen Servicemembers Religious Heritage Restoration Act
H503,House,SCONRES33,Setting forth the congressional budget for the United States Government for fiscal year 2026 and setting forth the appropriate budgetary levels for fiscal years 2027 through 2035
H504,House,HR7567,On Agreeing to the Amendment
H505,House,HR7567,On Agreeing to the Amendment
H506,House,HR7567,On Agreeing to the Amendment
H507,House,HR7567,On Agreeing to the Amendment
H508,House,HR7567,On Agreeing to the Amendment
H509,House,HR7567,On Agreeing to the Amendment
H510,House,HR7567,"On Agreeing to the Amendment, as Modified"
H511,House,HR7567,On Agreeing to the Amendment
H512,House,HR7567,On Agreeing to the Amendment
H513,House,HR7567,"Farm, Food, and National Security Act"
H514,House,HR7567,"Farm, Food, and National Security Act"
H515,House,S4465,"To amend the FISA Amendments Act of 2008 to extend the authorities of title VII of the Foreign Intelligence Surveillance Act of 1978, and for other purposes"
H516,House,HR2071,Save Our Shrimpers Act
H517,House,HR2853,Combating Organized Retail Crime Act
H518,House,HRES1275,Providing for consideration of the bills (H.R. 5625); (H.R. 6260); (H.R. 8365); (H.R. 8469); and the concurrent resolution (H.Con.Res. 96)
H519,House,HRES1275,Providing for consideration of the bills (H.R. 5625); (H.R. 6260); (H.R. 8365); (H.R. 8469); and the concurrent resolution (H.Con.Res. 96)
H520,House,HRES1274,Providing that section 11 of House Resolution 1224 shall have no force or effect
H521,House,HRES1274,Providing that section 11 of House Resolution 1224 shall have no force or effect
H522,House,HRES1252,Resolution memorializing law enforcement officers killed in the line of duty
H523,House,HR1346,Nationwide Consumer and Fuel Retailer Choice Act
H524,House,HR1346,Nationwide Consumer and Fuel Retailer Choice Act
H525,House,HCONRES96,Expressing support for law enforcement officers
H526,House,HRES1251,Calling on elected officials and civil society leaders to counter antisemitism and educate the public on the contributions of the Jewish-American community
H527,House,HRES1259,"Expressing the sense of the House of Representatives that the President should prioritize securing the release of Pastor Jin Mingri, Pastor Gao Quanfu and his wife Pang Yu, Dr. Gulshan Abbas, and Jimmy Lai detained by the People’s Republic of China during future engagements with Chinese President Xi Jinping"
H528,House,HR6260,Keeping Violent Offenders Off Our Streets Act
H529,House,HR6260,Keeping Violent Offenders Off Our Streets Act
H530,House,HCONRES75,"Directing the President, pursuant to section 5(c) of the War Powers Resolution, to remove the United States Armed Forces from hostilities against the Islamic Republic of Iran"
H531,House,HR5625,Cashless Bail Reporting Act
H532,House,HR8365,Monitor Accountability Act
H533,House,HR8365,Monitor Accountability Act
H534,House,HR8469,On Agreeing to the Amendment
H535,House,HR8469,"Making appropriations for military construction, the Department of Veterans Affairs, and related agencies for the fiscal year ending September 30, 2027, and for other purposes"
H536,House,HRES1299,"Providing for the concurrence by the House in the Senate amendment to H.R. 6644, with amendment"
H537,House,HR3234,Keeping Deposits Local Act
H538,House,HR4544,American Access to Banking Act
H539,House,HR5317,Community Bank Deposit Access Act
H540,House,S2393,Fiscal Year 2025 Veterans Affairs Major Medical Facility Authorization Act
H541,House,S1003,Lulu’s Law
H542,House,HR1993,25th Anniversary of 9/11 Commemorative Coin Act
H543,House,HR2616,PROTECT Kids Act
H544,House,HR2616,PROTECT Kids Act
H545,House,HRES1300,Providing for consideration of the bill (H.R. 1041) Veterans 2nd Amendment Protection Act; providing for consideration of the bill (H.R. 6047) Sharri Briley and Eric Edmundson Veterans Benefits Expansion Act; and providing for consideration of the bill (H.R. 1329) Smithsonian American Women’s History Museum Act
H546,House,HRES1300,Providing for consideration of the bill (H.R. 1041) Veterans 2nd Amendment Protection Act; providing for consideration of the bill (H.R. 6047) Sharri Briley and Eric Edmundson Veterans Benefits Expansion Act; and providing for consideration of the bill (H.R. 1329) Smithsonian American Women’s History Museum Act
H547,House,HR1329,Smithsonian American Women’s History Museum Act
H548,House,HR1329,Smithsonian American Women’s History Museum Act
H549,House,HR1041,Veterans 2nd Amendment Protection Act
H550,House,HR1041,Veterans 2nd Amendment Protection Act
H551,House,HR6047,Sharri Briley and Eric Edmundson Veterans Benefits Expansion Act
H552,House,HR7618,American Battlefield Protection Program Amendments Act
H553,House,S254,ARTIST Act
H554,House,HRES1333,"Providing for consideration of the bills (H.R. 8646) Agriculture, Rural Development, Food and Drug Administration, and Related Agency Appropriations Act, 2027; (H.R. 7726) Stop Child Care Scams Act; (H.R. 7892) No Aid for Ghost Students Act; and (H.R. 8872) Preventing Waste, Fraud, and Abuse in TANF Act"
H555,House,HRES1333,"Providing for consideration of the bills (H.R. 8646) Agriculture, Rural Development, Food and Drug Administration, and Related Agency Appropriations Act, 2027; (H.R. 7726) Stop Child Care Scams Act; (H.R. 7892) No Aid for Ghost Students Act; and (H.R. 8872) Preventing Waste, Fraud, and Abuse in TANF Act"
H556,House,HR2860,Northwest Straits Marine Conservation Initiative Reauthorization Act
H557,House,HR7726,No Funds for Repeat Child Care Violations Act
H558,House,HR7726,No Funds for Repeat Child Care Violations Act
H559,House,HCONRES86,"Directing the President, pursuant to section 5(c) of the War Powers Resolution, to remove United States Armed Forces from hostilities with Iran"
H560,House,HRES518,"Providing for consideration of the bill (H.R. 2913) to authorize support for Ukraine, and for other purposes"
H561,House,HCONRES84,Directing the President pursuant to section 5(c) of the War Powers Resolution to remove United States Armed Forces from Lebanon
H562,House,HRES1336,Waiving a requirement of clause 6(a) of rule XIII with respect to consideration of certain resolutions reported from the Committee on Rules
H563,House,HRES1336,Waiving a requirement of clause 6(a) of rule XIII with respect to consideration of certain resolutions reported from the Committee on Rules
H564,House,HR8646,"Agriculture, Rural Development, Food and Drug Administration, and Related Agency Appropriations Act, 2027"
H565,House,HR8646,"Agriculture, Rural Development, Food and Drug Administration, and Related Agency Appropriations Act, 2027"
H566,House,HRES518,"Providing for consideration of the bill (H.R. 2913) to authorize support for Ukraine, and for other purposes"
H567,House,HR2913,Ukraine Support Act
H568,House,HR8466,TRUE Accountability Act
H569,House,HR8428,Federal Fraud Prevention Workforce Training Act
H570,House,HRES1345,"Providing for consideration of the bills H.R. 8312, H.R. 8464, and S. 2 and providing for consideration of the resolution H.Res. 1355"
H571,House,HRES1345,"Providing for consideration of the bills H.R. 8312, H.R. 8464, and S. 2 and providing for consideration of the resolution H.Res. 1355"
H572,House,HRES1140,Providing for consideration of the bill (H.R. 5408) to accelerate workplace time-to-contract under the National Labor Relations Act
H573,House,S2,Secure America Act
H574,House,S2,Secure America Act
H575,House,HRES1140,Providing for consideration of the bill (H.R. 5408) to accelerate workplace time-to-contract under the National Labor Relations Act
H576,House,HR5408,Faster Labor Contracts Act
H577,House,HR7892,No Aid for Ghost Students Act
H578,House,HR8312,Fraud Prevention and Accountability Act
H579,House,HR8464,Stopping Fraudulent Payments Act
H580,House,HR8464,Stopping Fraudulent Payments Act
H581,House,HR9238,"To amend the FISA Amendments Act of 2008 to extend the authorities of title VII of the Foreign Intelligence Surveillance Act of 1978, and for other purposes"
H582,House,HRES1335,"Condemning actors seeking to defraud the U.S. Government, and expressing the sense of the House of Representatives that government-wide fraud and improper payment prevention reforms will meaningfully improve the financial prosperity of the U.S., and that Federal program eligibility should be verified before payment"
H583,House,S629,Emergency Conservation Program Improvement Act
H584,House,HR6644,Housing for the 21st Century Act
H585,House,HR7401,Small Business Lending Fraud Prevention Act
H586,House,HR915,Small Business Technological Advancement Act
H587,House,HR2478,Financial Exploitation Prevention Act
H588,House,HR7757,KIDS Act
H589,House,HR7128,TRIA Program Reauthorization Act
H590,House,HRES1398,"Providing for consideration of the bills H.R. 8800, H.R. 8595, and H.R. 8884; and providing for consideration of the resolution H. Res. 1383"
H591,House,HRES1398,"Providing for consideration of the bills H.R. 8800, H.R. 8595, and H.R. 8884; and providing for consideration of the resolution H. Res. 1383"
H592,House,HCONRES108,Directing the President pursuant to section 5(c) of the War Powers Resolution to remove United States Armed Forces from hostilities in Lebanon
H593,House,HRES1399,Directing the Committee on Ethics to preserve and publicly release records relating to monetary settlements involving acts of sexual harassment
H594,House,HR3106,Weatherizing Infrastructure in the North and Terrorism Emergency Readiness Act
H595,House,HR8897,Improving Travel for American Families Act
H596,House,HRES1423,"Providing for consideration of the bills (H.R. 139) Sunshine Protection Act; (H.R. 8595) National Security, Department of State, and Related Agencies Appropriations Act, 2027; (H.R. 9237) Take Care of America’s Veterans Act; and (H.R. 1181) Protecting Privacy in Purchases Act"
H597,House,HRES1423,"Providing for consideration of the bills (H.R. 139) Sunshine Protection Act; (H.R. 8595) National Security, Department of State, and Related Agencies Appropriations Act, 2027; (H.R. 9237) Take Care of America’s Veterans Act; and (H.R. 1181) Protecting Privacy in Purchases Act"
H598,House,HR139,Sunshine Protection Act
H599,House,HR1181,Protecting Privacy in Purchases Act
H600,House,HR1181,Protecting Privacy in Purchases Act
H601,House,HR8595,On Agreeing to the Amendment
H602,House,HR8595,On Agreeing to the Amendment
H603,House,HR8595,On Agreeing to the Amendment
H604,House,HR8595,On Agreeing to the Amendment
H605,House,HR8595,On Agreeing to the Amendment
H606,House,HR8595,"National Security, Department of State, and Related Programs Appropriations Act, 2027"
H607,House,HR8595,"National Security, Department of State, and Related Programs Appropriations Act, 2027"
H608,House,HR5362,"To name the Department of Veterans Affairs multispecialty clinic in Marietta, Georgia, as the “Colonel Michael H. Boyce Department of Veterans Affairs Multispecialty Clinic”"
H609,House,HR9237,Take Care of America’s Veterans Act
H610,House,HR4541,EARLY Act Reauthorization
H611,House,HR8823,Putting Patients First by Strengthening Provider Accountability in FECA Act
H612,House,HR1118,Value Over Cost Act
H613,House,HRES1438,"Providing for consideration of the bills (H.R. 8800, H.R. 8884, H.R. 7008, H.R. 6955, and H.R. 9770); and providing for consideration of the concurrent resolution (H. Con. Res. 113)"
H614,House,HRES1438,"Providing for consideration of the bills (H.R. 8800, H.R. 8884, H.R. 7008, H.R. 6955, and H.R. 9770); and providing for consideration of the concurrent resolution (H. Con. Res. 113)"
H615,House,HR8800,On Agreeing to the Amendment
H616,House,HR8800,On Agreeing to the Amendment
H617,House,HR8800,On Agreeing to the Amendment
H618,House,HR8800,On Agreeing to the Amendment
H619,House,HR8800,On Agreeing to the Amendment
H620,House,HR8800,On Agreeing to the Amendment
H621,House,HR8800,On Agreeing to the Amendment
H622,House,HR8800,On Agreeing to the Amendment
H623,House,HR8800,On Agreeing to the Amendment
H624,House,HR8800,On Agreeing to the Amendment
H625,House,HR8800,On Agreeing to the Amendment
H626,House,HR8800,On Agreeing to the Amendment
H627,House,HR8800,On Agreeing to the Amendment
H628,House,HR8800,On Agreeing to the Amendment
H629,House,HR8800,On Agreeing to the Amendment
H630,House,HR6955,Main Street Act
H631,House,HR6955,Main Street Act
H632,House,HR9770,"Making continuing appropriations for fiscal year 2027, and for other purposes"
H633,House,HR8800,On Agreeing to the Amendment
H634,House,HR8800,On Agreeing to the Amendment
H635,House,HR8800,On Agreeing to the Amendment
H636,House,HR8800,On Agreeing to the Amendment
H637,House,HR8800,National Defense Authorization Act for Fiscal Year 2027
H638,House,HR8800,National Defense Authorization Act for Fiscal Year 2027
H639,House,HR7008,Stop Insider Trading Act
H640,House,HR7008,Stop Insider Trading Act
H641,House,HCONRES113,Establishing the congressional budget for the United States Government for fiscal year 2027 and setting forth the appropriate budgetary levels for fiscal years 2028 through 2036
H642,House,HCONRES89,"Directing the President, pursuant to section 5(c) of the War Powers Resolution, to remove United States Armed Forces from hostilities with Iran"
H643,House,HR8884,Removing Barriers to Work for Disabled Americans Act
S1,Senate,S5,"A bill to require the Secretary of Homeland Security to take into custody aliens who have been charged in the United States with theft, and for other purposes."
S2,Senate,S5,"A bill to require the Secretary of Homeland Security to take into custody aliens who have been charged in the United States with theft, and for other purposes."
S3,Senate,S5,To expand the list of criminal offenses that subject inadmissible aliens to mandatory detention.
S4,Senate,S5,To strike the section that authorizes State attorneys general to sue Federal immigration authorities for alleged violations relating to the detention of aliens.
S5,Senate,S5,"A bill to require the Secretary of Homeland Security to take into custody aliens who have been charged in the United States with theft, and for other purposes."
S6,Senate,S5,"To include crimes resulting in death or serious bodily injury to the list of offenses that, if committed by an inadmissible alien, require mandatory detention."
S7,Senate,S5,"A bill to require the Secretary of Homeland Security to take into custody aliens who have been charged in the United States with theft, and for other purposes."
S8,Senate,PN1113,"Marco Rubio, of Florida, to be Secretary of State"
S9,Senate,PN1119,"John Ratcliffe, of Texas, to be Director of the Central Intelligence Agency"
S10,Senate,PN117,"Peter Hegseth, of Tennessee, to be Secretary of Defense"
S11,Senate,S6,"A bill to amend title 18, United States Code, to prohibit a health care practitioner from failing to exercise the proper degree of care in the case of a child who survives an abortion or attempted abortion."
S12,Senate,PN1119,"John Ratcliffe, of Texas, to be Director of the Central Intelligence Agency"
S13,Senate,PN1119,"John Ratcliffe, of Texas, to be Director of the Central Intelligence Agency"
S14,Senate,PN117,"Peter Hegseth, of Tennessee, to be Secretary of Defense"
S15,Senate,PN117,"Peter Hegseth, of Tennessee, to be Secretary of Defense"
S16,Senate,PN1111,"Kristi Noem, of South Dakota, to be Secretary of Homeland Security"
S17,Senate,PN1111,"Kristi Noem, of South Dakota, to be Secretary of Homeland Security"
S18,Senate,PN111,"Scott Bessent, of South Carolina, to be Secretary of the Treasury"
S19,Senate,PN111,"Scott Bessent, of South Carolina, to be Secretary of the Treasury"
S20,Senate,PN116,"Sean Duffy, of Wisconsin, to be Secretary of Transportation"
S21,Senate,PN116,"Sean Duffy, of Wisconsin, to be Secretary of Transportation"
S22,Senate,HR23,"A bill to impose sanctions with respect to the International Criminal Court engaged in any effort to investigate, arrest, detain, or prosecute any protected person of the United States and its allies."
S23,Senate,PN1123,"Lee Zeldin, of New York, to be Administrator of the Environmental Protection Agency"
S24,Senate,PN1123,"Lee Zeldin, of New York, to be Administrator of the Environmental Protection Agency"
S25,Senate,PN113,"Douglas Burgum, of North Dakota, to be Secretary of the Interior"
S26,Senate,PN113,"Douglas Burgum, of North Dakota, to be Secretary of the Interior"
S27,Senate,PN1115,"Christopher Wright, of Colorado, to be Secretary of Energy"
S28,Senate,PN115,"Douglas Collins, of Georgia, to be Secretary of Veterans Affairs"
S29,Senate,PN1122,"Russell Vought, of Virginia, to be Director of the Office of Management and Budget"
S30,Senate,PN1115,"Christopher Wright, of Colorado, to be Secretary of Energy"
S31,Senate,PN112,"Pamela Bondi, of Florida, to be Attorney General"
S32,Senate,PN115,"Douglas Collins, of Georgia, to be Secretary of Veterans Affairs"
S33,Senate,PN112,"Pamela Bondi, of Florida, to be Attorney General"
S34,Senate,PN1114,"Eric Turner, of Texas, to be Secretary of Housing and Urban Development"
S35,Senate,PN1114,"Eric Turner, of Texas, to be Secretary of Housing and Urban Development"
S36,Senate,PN1122,"Russell Vought, of Virginia, to be Director of the Office of Management and Budget"
S37,Senate,PN1122,"Russell Vought, of Virginia, to be Director of the Office of Management and Budget"
S38,Senate,PN1122,"Russell Vought, of Virginia, to be Director of the Office of Management and Budget"
S39,Senate,PN1122,"Russell Vought, of Virginia, to be Director of the Office of Management and Budget"
S40,Senate,PN1116,"Tulsi Gabbard, of Hawaii, to be Director of National Intelligence"
S41,Senate,PN1116,"Tulsi Gabbard, of Hawaii, to be Director of National Intelligence"
S42,Senate,PN118,"Robert F. Kennedy, Jr., of California, to be Secretary of Health and Human Services"
S43,Senate,PN118,"Robert F. Kennedy, Jr., of California, to be Secretary of Health and Human Services"
S44,Senate,PN119,"Howard Lutnick, of New York, to be Secretary of Commerce"
S45,Senate,PN119,"Howard Lutnick, of New York, to be Secretary of Commerce"
S46,Senate,PN1112,"Brooke Rollins, of Texas, to be Secretary of Agriculture"
S47,Senate,PN1112,"Brooke Rollins, of Texas, to be Secretary of Agriculture"
S48,Senate,PN1118,"Kelly Loeffler, of Georgia, to be Administrator of the Small Business Administration"
S49,Senate,PN1116,"Tulsi Gabbard, of Hawaii, to be Director of National Intelligence"
S50,Senate,PN1116,"Tulsi Gabbard, of Hawaii, to be Director of National Intelligence"
S51,Senate,PN118,"Robert F. Kennedy, Jr., of California, to be Secretary of Health and Human Services"
S52,Senate,PN118,"Robert F. Kennedy, Jr., of California, to be Secretary of Health and Human Services"
S53,Senate,PN1112,"Brooke Rollins, of Texas, to be Secretary of Agriculture"
S54,Senate,PN119,"Howard Lutnick, of New York, to be Secretary of Commerce"
S55,Senate,PN1118,"Kelly Loeffler, of Georgia, to be Administrator of the Small Business Administration"
S56,Senate,PN1235,"Kashyap Patel, of Nevada, to be Director of the Federal Bureau of Investigation for a term of ten years"
S57,Senate,PN119,"Howard Lutnick, of New York, to be Secretary of Commerce"
S58,Senate,SCONRES7,An original concurrent resolution setting forth the congressional budget for the United States Government for fiscal year 2025 and setting forth the appropriate budgetary levels for fiscal years 2026 through 2034.
S59,Senate,PN1118,"Kelly Loeffler, of Georgia, to be Administrator of the Small Business Administration"
S60,Senate,PN1235,"Kashyap Patel, of Nevada, to be Director of the Federal Bureau of Investigation for a term of ten years"
S61,Senate,PN1235,"Kashyap Patel, of Nevada, to be Director of the Federal Bureau of Investigation for a term of ten years"
S62,Senate,SCONRES7,To prevent unwarranted tax cuts for the ultra-rich.
S63,Senate,SCONRES7,To stop tax cuts for the ultra-rich while families struggle to put food on the table.
S64,Senate,SCONRES7,To establish a deficit-neutral reserve fund relating to the impacts of hedge fund ownership of single-family homes and rent prices.
S65,Senate,SCONRES7,To create a point of order against any reconciliation bill that would not decrease the cost of housing for American families.
S66,Senate,SCONRES7,"To strike the reconciliation instructions and create a reserve fund to implement a bipartisan, multi-year agreement to provide up to $171,000,000,000 in discretionary funding for defense and up to $171,000,000,000 in discretionary funding for other programs, accounts, and activities to address border, veterans, farmers, food and nutrition, disaster relief, and other needs."
S67,Senate,SCONRES7,"To create a point of order against legislation that would raise energy costs for Americans, including higher monthly electricity bills, building material expenses, and transportation costs."
S68,Senate,SCONRES7,"To establish a deficit-neutral reserve fund relating to reinstating the fired Federal employees at the Forest Service, National Park Service, United States Fish and Wildlife Service, and Bureau of Land Management."
S69,Senate,SCONRES7,To establish a deficit-neutral reserve fund relating to supporting Federal wildland firefighters and associated personnel.
S70,Senate,SCONRES7,To establish a deficit-neutral reserve fund relating to protecting Medicare and Medicaid.
S71,Senate,SCONRES7,To prevent tax cuts for the wealthy if a single dollar of Medicaid funding is cut.
S72,Senate,SCONRES7,To establish a deficit-neutral reserve fund relating to protecting access to maternal and pediatric health care through Medicaid.
S73,Senate,SCONRES7,"To prevent millions of Americans from being kicked off their health coverage, suffering needlessly, getting sicker, and dying sooner."
S74,Senate,SCONRES7,"To create a point of order against legislation that would take away health care from seniors, including those receiving care in nursing homes, through cuts to the Medicaid program."
S75,Senate,SCONRES7,To create a point of order against legislation that would reduce Medicare and Medicaid benefits for Americans.
S76,Senate,SCONRES7,To ensure continued United States support for the Government of Ukraine to stand firm against aggression by the Government of Russia in Europe.
S77,Senate,SCONRES7,To require an adequate amount of deficit reduction as part of reconciliation.
S78,Senate,SCONRES7,"To establish a deficit-neutral reserve fund relating to preventing reductions in funding and staffing necessary to respond to, control, and prevent avian flu."
S79,Senate,SCONRES7,To create a point of order against legislation that would cut funding from the school lunch or school breakfast programs.
S80,Senate,SCONRES7,"To establish a deficit-neutral reserve fund relating to preserving and extending vital tax credits enacted under the Patient Protection and Affordable Care Act, which make heath care accessible and affordable and that have led to the lowest uninsured rate in our Nation's history."
S81,Senate,SCONRES7,"To establish a deficit-neutral reserve fund relating to supporting police, which may include initiatives that provide funding directly to law enforcement agencies to hire or rehire additional career law enforcement officers in an effort to increase their community policing capacity and crime prevention efforts."
S82,Senate,SCONRES7,"To establish a deficit-neutral reserve fund relating to protecting access to fertility services, and eliminating barriers for families in need of high-quality, affordable fertility services by expanding nationwide coverage for in vitro fertilization."
S83,Senate,SCONRES7,"To ensure full and uninterrupted funding for Department of Veterans Affairs health care and benefits provided by the Sergeant First Class Heath Robinson Honoring our Promise to Address Comprehensive Toxics Act of 2022 (Public Law 117-168), also known as the ""PACT Act"", preventing any cuts or delays."
S84,Senate,SCONRES7,To strike reconciliation instructions requiring damaging cuts to programs critical to rural Americans and food assistance for American families.
S85,Senate,SCONRES7,"To establish a deficit-neutral reserve fund relating to Congress continuing its work to rein in the administrative state by supporting legislation that prevents Federal agencies from finalizing major rules without congressional approval, strengthens the Article 1 law-making powers of Congress, cuts spending resulting from costly regulations, reduces inflation, and unleashes economic growth."
S86,Senate,SCONRES7,To establish a deficit-neutral reserve fund relating to ending price gouging on prescription drugs.
S87,Senate,SCONRES7,An original concurrent resolution setting forth the congressional budget for the United States Government for fiscal year 2025 and setting forth the appropriate budgetary levels for fiscal years 2026 through 2034.
S88,Senate,PN1212,"Daniel Driscoll, of North Carolina, to be Secretary of the Army"
S89,Senate,PN1117,"Jamieson Greer, of Maryland, to be United States Trade Representative, with the rank of Ambassador"
S90,Senate,PN1212,"Daniel Driscoll, of North Carolina, to be Secretary of the Army"
S91,Senate,SJRES11,"A joint resolution providing for congressional disapproval under chapter 8 of title 5, United States Code, of the rule submitted by the Bureau of Ocean Energy Management relating to ""Protection of Marine Archaeological Resources""."
S92,Senate,SJRES11,"A joint resolution providing for congressional disapproval under chapter 8 of title 5, United States Code, of the rule submitted by the Bureau of Ocean Energy Management relating to ""Protection of Marine Archaeological Resources""."
S93,Senate,PN1110,"Linda McMahon, of Connecticut, to be Secretary of Education"
S94,Senate,PN1117,"Jamieson Greer, of Maryland, to be United States Trade Representative, with the rank of Ambassador"
S95,Senate,SJRES10,A joint resolution terminating the national emergency declared with respect to energy.
S96,Senate,SJRES12,"A joint resolution providing for congressional disapproval under chapter 8 of title 5, United States Code, of the rule submitted by the Environmental Protection Agency relating to ""Waste Emissions Charge for Petroleum and Natural Gas Systems: Procedures for Facilitating Compliance, Including Netting and Exemptions""."
S97,Senate,HJRES35,"A joint resolution providing for congressional disapproval under chapter 8 of title 5, United States Code, of the rule submitted by the Environmental Protection Agency relating to ""Waste Emissions Charge for Petroleum and Natural Gas Systems: Procedures for Facilitating Compliance, Including Netting and Exemptions""."
S98,Senate,PN1110,"Linda McMahon, of Connecticut, to be Secretary of Education"
S99,Senate,PN1110,"Linda McMahon, of Connecticut, to be Secretary of Education"
S100,Senate,S9,"A bill to provide that for purposes of determining compliance with title IX of the Education Amendments of 1972 in athletics, sex shall be recognized based solely on a person's reproductive biology and genetics at birth."
S101,Senate,SJRES3,"A joint resolution providing for congressional disapproval under chapter 8 of title 5, United States Code, of the rule submitted by the Internal Revenue Service relating to ""Gross Proceeds Reporting by Brokers That Regularly Provide Services Effectuating Digital Asset Sales""."
S102,Senate,SJRES3,"A joint resolution providing for congressional disapproval under chapter 8 of title 5, United States Code, of the rule submitted by the Internal Revenue Service relating to ""Gross Proceeds Reporting by Brokers That Regularly Provide Services Effectuating Digital Asset Sales""."
S103,Senate,SJRES28,"A joint resolution disapproving the rule submitted by the Bureau of Consumer Financial Protection relating to ""Defining Larger Participants of a Market for General-Use Digital Consumer Payment Applications""."
S104,Senate,PN125,"Todd Blanche, of Florida, to be Deputy Attorney General"
S105,Senate,PN125,"Todd Blanche, of Florida, to be Deputy Attorney General"
S106,Senate,SJRES28,"A joint resolution disapproving the rule submitted by the Bureau of Consumer Financial Protection relating to ""Defining Larger Participants of a Market for General-Use Digital Consumer Payment Applications""."
S107,Senate,PN1214,"Troy Edgar, of California, to be Deputy Secretary of Homeland Security"
S108,Senate,PN1214,"Troy Edgar, of California, to be Deputy Secretary of Homeland Security"
S109,Senate,PN114,"Lori Chavez-DeRemer, of Oregon, to be Secretary of Labor"
S110,Senate,S331,"A bill to amend the Controlled Substances Act with respect to the scheduling of fentanyl-related substances, and for other purposes."
S111,Senate,PN114,"Lori Chavez-DeRemer, of Oregon, to be Secretary of Labor"
S112,Senate,PN132,"Steven Bradbury, of Virginia, to be Deputy Secretary of Transportation"
S113,Senate,PN132,"Steven Bradbury, of Virginia, to be Deputy Secretary of Transportation"
S114,Senate,PN1241,"Abigail Slater, of the District of Columbia, to be an Assistant Attorney General"
S115,Senate,PN1241,"Abigail Slater, of the District of Columbia, to be an Assistant Attorney General"
S116,Senate,PN19,"Stephen Miran, of New York, to be Chairman of the Council of Economic Advisers"
S117,Senate,PN19,"Stephen Miran, of New York, to be Chairman of the Council of Economic Advisers"
S118,Senate,PN1242,"Keith Sonderling, of Florida, to be Deputy Secretary of Labor"
S119,Senate,PN1242,"Keith Sonderling, of Florida, to be Deputy Secretary of Labor"
S120,Senate,PN1312,"William Pulte, of Florida, to be Director of the Federal Housing Finance Agency for a term of five years"
S121,Senate,PN1312,"William Pulte, of Florida, to be Director of the Federal Housing Finance Agency for a term of five years"
S122,Senate,PN2212,"Jeffrey Kessler, of Virginia, to be Under Secretary of Commerce for Industry and Security"
S123,Senate,PN2212,"Jeffrey Kessler, of Virginia, to be Under Secretary of Commerce for Industry and Security"
S124,Senate,S331,"A bill to amend the Controlled Substances Act with respect to the scheduling of fentanyl-related substances, and for other purposes."
S125,Senate,PN1216,"Stephen Feinberg, of New York, to be Deputy Secretary of Defense"
S126,Senate,PN1216,"Stephen Feinberg, of New York, to be Deputy Secretary of Defense"
S127,Senate,S331,"A bill to amend the Controlled Substances Act with respect to the scheduling of fentanyl-related substances, and for other purposes."
S128,Senate,HR1968,"A bill making further continuing appropriations and other extensions for the fiscal year ending September 30, 2025, and for other purposes."
S129,Senate,HR1968,To except the application of certain rescissions.
S130,Senate,HR1968,To make veteran Federal employees who were involuntarily dismissed without cause eligible for reinstatement and to require reports from Executive agencies on the number of veteran employees fired from such agencies.
S131,Senate,HR1968,To prohibit the use of appropriated amounts by DOGE.
S132,Senate,HR1968,To reduce the amount appropriated for the United States Agency for International Development.
S133,Senate,HR1968,"A bill making further continuing appropriations and other extensions for the fiscal year ending September 30, 2025, and for other purposes."
S134,Senate,PN1236,"John Phelan, of Florida, to be Secretary of the Navy"
S135,Senate,PN1225,"Christopher Landau, of Maryland, to be Deputy Secretary of State"
S136,Senate,PN1236,"John Phelan, of Florida, to be Secretary of the Navy"
S137,Senate,PN1225,"Christopher Landau, of Maryland, to be Deputy Secretary of State"
S138,Senate,PN138,"Michael Kratsios, of South Carolina, to be Director of the Office of Science and Technology Policy"
S139,Senate,PN138,"Michael Kratsios, of South Carolina, to be Director of the Office of Science and Technology Policy"
S140,Senate,PN122,"Jayanta Bhattacharya, of California, to be Director of the National Institutes of Health"
S141,Senate,PN122,"Jayanta Bhattacharya, of California, to be Director of the National Institutes of Health"
S142,Senate,PN1228,"Martin Makary, of Virginia, to be Commissioner of Food and Drugs, Department of Health and Human Services"
S143,Senate,PN1228,"Martin Makary, of Virginia, to be Commissioner of Food and Drugs, Department of Health and Human Services"
S144,Senate,PN123,"James Bishop, of North Carolina, to be Deputy Director of the Office of Management and Budget"
S145,Senate,PN123,"James Bishop, of North Carolina, to be Deputy Director of the Office of Management and Budget"
S146,Senate,PN1237,"Aaron Reitz, of Texas, to be an Assistant Attorney General vice Hampton Y. Dellinger"
S147,Senate,PN1237,"Aaron Reitz, of Texas, to be an Assistant Attorney General vice Hampton Y. Dellinger"
S148,Senate,PN1215,"Michael Faulkender, of Maryland, to be Deputy Secretary of the Treasury"
S149,Senate,PN1215,"Michael Faulkender, of Maryland, to be Deputy Secretary of the Treasury"
S150,Senate,HJRES25,"A joint resolution providing for congressional disapproval under chapter 8 of title 5, United States Code, of the rule submitted by the Internal Revenue Service relating to ""Gross Proceeds Reporting by Brokers That Regularly Provide Services Effectuating Digital Asset Sales""."
S151,Senate,HJRES25,"A joint resolution providing for congressional disapproval under chapter 8 of title 5, United States Code, of the rule submitted by the Internal Revenue Service relating to ""Gross Proceeds Reporting by Brokers That Regularly Provide Services Effectuating Digital Asset Sales""."
S152,Senate,SJRES18,"A joint resolution disapproving the rule submitted by the Bureau of Consumer Financial Protection relating to ""Overdraft Lending: Very Large Financial Institutions""."
S153,Senate,SJRES18,"A joint resolution disapproving the rule submitted by the Bureau of Consumer Financial Protection relating to ""Overdraft Lending: Very Large Financial Institutions""."
S154,Senate,PN139,"Paul Lawrence, of Virginia, to be Deputy Secretary of Veterans Affairs"
S155,Senate,PN139,"Paul Lawrence, of Virginia, to be Deputy Secretary of Veterans Affairs"
S156,Senate,PN2556,"Matthew Whitaker, of Iowa, to be United States Permanent Representative on the Council of the North Atlantic Treaty Organization, with the rank and status of Ambassador"
S157,Senate,PN2556,"Matthew Whitaker, of Iowa, to be United States Permanent Representative on the Council of the North Atlantic Treaty Organization, with the rank and status of Ambassador"
S158,Senate,PN1239,"Dean Sauer, of Missouri, to be Solicitor General of the United States"
S159,Senate,PN1211,"Harmeet Dhillon, of California, to be an Assistant Attorney General"
S160,Senate,SJRES37,A joint resolution terminating the national emergency declared to impose duties on articles imported from Canada.
S161,Senate,HJRES24,"A joint resolution providing for congressional disapproval under chapter 8 of title 5, United States Code, of the rule submitted by the Department of Energy relating to ""Energy Conservation Program: Energy Conservation Standards for Walk-In Coolers and Walk-In Freezers""."
S162,Senate,HJRES24,"A joint resolution providing for congressional disapproval under chapter 8 of title 5, United States Code, of the rule submitted by the Department of Energy relating to ""Energy Conservation Program: Energy Conservation Standards for Walk-In Coolers and Walk-In Freezers""."
S163,Senate,PN1239,"Dean Sauer, of Missouri, to be Solicitor General of the United States"
S164,Senate,PN1234,"Mehmet Oz, of Pennsylvania, to be Administrator of the Centers for Medicare and Medicaid Services"
S165,Senate,SJRES33,A joint resolution providing for congressional disapproval of the proposed foreign military sale to the Government of Israel of certain defense articles and services.
S166,Senate,SJRES26,A joint resolution providing for congressional disapproval of the proposed foreign military sale to Israel of certain defense articles and services.
S167,Senate,PN1234,"Mehmet Oz, of Pennsylvania, to be Administrator of the Centers for Medicare and Medicaid Services"
S168,Senate,PN1211,"Harmeet Dhillon, of California, to be an Assistant Attorney General"
S169,Senate,HCONRES14,A concurrent resolution establishing the congressional budget for the United States Government for fiscal year 2025 and setting forth the appropriate budgetary levels for fiscal years 2026 through 2034.
S170,Senate,HCONRES14,To establish a deficit-neutral reserve fund relating to protecting Medicare and Medicaid.
S171,Senate,HCONRES14,To create a point of order against legislation that would create more debt over a 30-year period than has accumulated over the past 249 years.
S172,Senate,HCONRES14,"To establish a deficit-neutral reserve fund relating to preventing reduction in enrollment or benefits for individuals enrolled in Medicaid, including seniors, children, families, individuals with disabilities, veterans, and military families."
S173,Senate,HCONRES14,To strike the provision relating to instructions to the Committee on Agriculture.
S174,Senate,HCONRES14,"To establish a deficit-neutral reserve fund relating to strengthening protections for members of the Armed Forces by prohibiting the use of any commercial messaging application to transmit information revealing the timing, sequencing, or weapons to be used during impending United States military operations in foreign countries that may endanger the lives of members of the Armed Forces."
S175,Senate,HCONRES14,To establish a deficit-neutral reserve fund relating to prohibiting attacks on Federal employees by protecting legally binding collective bargaining agreements and the right to organize.
S176,Senate,HCONRES14,To establish a deficit-neutral reserve fund relating to preventing Trump's tariffs from increasing the cost of groceries and everyday goods for families.
S177,Senate,HCONRES14,Reiterating the importance of the Federal Emergency Management Agency and its continued role in providing nonpartisan and long-term disaster relief to disaster survivors.
S178,Senate,HCONRES14,To prevent any disruption in security assistance to Ukraine.
S179,Senate,HCONRES14,To modify the debt limit instruction for the House of Representatives and the Senate.
S180,Senate,HCONRES14,"To establish a deficit-neutral reserve fund relating to reversing cuts to the Social Security Administration, which may include cuts ordered by the Department of Government Efficiency or any other cuts to seniors' services."
S181,Senate,HCONRES14,To establish a deficit-neutral reserve fund relating to preventing the use of proceeds from public land sales to reduce the Federal deficit.
S182,Senate,HCONRES14,"To prevent DOGE from closing Social Security offices, preserving access to benefits for seniors and people with disabilities."
S183,Senate,HCONRES14,"To establish a deficit-neutral reserve fund to prevent increased barriers to American caregivers, including individuals caring for seniors, children, home care workers, and individuals engaged in the care economy."
S184,Senate,HCONRES14,To make sure the Senate can increase the Federal minimum wage to $17 an hour by a simple majority vote.
S185,Senate,HCONRES14,To create a point of order against legislation that would increase drug costs for seniors and people with disabilities on Medicare.
S186,Senate,HCONRES14,"To establish a deficit-neutral reserve fund relating to preventing a reduction in Medicaid funding that could lead to rural hospital closures, cost increases for individuals with other kinds of insurance, or higher rates of uncompensated care."
S187,Senate,HCONRES14,To preserve access to Social Security's phone service.
S188,Senate,HCONRES14,"To establish a deficit-neutral reserve fund relating to access to health care, which may include legislation preventing reductions in funding for Medicaid that could lead to benefit cuts, coverage loss, or slashed provide payments."
S189,Senate,HCONRES14,"To strike section 2001(b)(4) relating to reconciliation instructions to the Committee on Energy and Commerce of the House of Representatives to cut $880,000,000,000 from Medicaid."
S190,Senate,HCONRES14,To provide tax relief for the middle class.
S191,Senate,HCONRES14,A concurrent resolution establishing the congressional budget for the United States Government for fiscal year 2025 and setting forth the appropriate budgetary levels for fiscal years 2026 through 2034.
S192,Senate,PN129,"Elbridge Colby, of the District of Columbia, to be Under Secretary of Defense for Policy"
S193,Senate,PN129,"Elbridge Colby, of the District of Columbia, to be Under Secretary of Defense for Policy"
S194,Senate,PN2514,"George Glass, of Oregon, to be Ambassador to Japan"
S195,Senate,PN2514,"George Glass, of Oregon, to be Ambassador to Japan"
S196,Senate,PN2520,"Mike Huckabee, of Arkansas, to be Ambassador to the State of Israel"
S197,Senate,PN2518,"Peter Hoekstra, of Michigan, to be Ambassador to Canada"
S198,Senate,PN2522,"Ronald Johnson, of Florida, to be Ambassador to the United Mexican States"
S199,Senate,PN256,"Kevin Cabrera, of Florida, to be Ambassador to the Republic of Panama"
S200,Senate,PN1218,"Paul Atkins, of Virginia, to be a Member of the Securities and Exchange Commission for the remainder of the term expiring June 5, 2026"
S201,Senate,PN2520,"Mike Huckabee, of Arkansas, to be Ambassador to the State of Israel"
S202,Senate,PN2518,"Peter Hoekstra, of Michigan, to be Ambassador to Canada"
S203,Senate,PN2522,"Ronald Johnson, of Florida, to be Ambassador to the United Mexican States"
S204,Senate,PN256,"Kevin Cabrera, of Florida, to be Ambassador to the Republic of Panama"
S205,Senate,PN1218,"Paul Atkins, of Virginia, to be a Member of the Securities and Exchange Commission for the remainder of the term expiring June 5, 2026"
S206,Senate,HJRES20,"A joint resolution providing for congressional disapproval under chapter 8 of title 5, United States Code, of the rule submitted by the Department of Energy relating to ""Energy Conservation Program: Energy Conservation Standards for Consumer Gas-fired Instantaneous Water Heaters""."
S207,Senate,HJRES20,"A joint resolution providing for congressional disapproval under chapter 8 of title 5, United States Code, of the rule submitted by the Department of Energy relating to ""Energy Conservation Program: Energy Conservation Standards for Consumer Gas-fired Instantaneous Water Heaters""."
S208,Senate,PN1229,"Mark Meador, of Virginia, to be a Federal Trade Commissioner for the term of seven years from September 26, 2024"
S209,Senate,PN1229,"Mark Meador, of Virginia, to be a Federal Trade Commissioner for the term of seven years from September 26, 2024"
S210,Senate,PN27,"Lt. Gen. John D. Caine (Retired), in the Air Force, to be General"
S211,Senate,PN27,"Lt. Gen. John D. Caine (Retired), in the Air Force, to be General"
S212,Senate,PN28,"Lt. Gen. John D. Caine (Retired), in the Air Force, to be Major General"
S213,Senate,PN28,"Lt. Gen. John D. Caine (Retired), in the Air Force, to be Major General"
S214,Senate,PN545,"David Perdue, of Georgia, to be Ambassador to the People's Republic of China"
S215,Senate,PN545,"David Perdue, of Georgia, to be Ambassador to the People's Republic of China"
S216,Senate,PN245,"Warren Stephens, of Arkansas, to be Ambassador to the United Kingdom of Great Britain and Northern Ireland"
S217,Senate,PN245,"Warren Stephens, of Arkansas, to be Ambassador to the United Kingdom of Great Britain and Northern Ireland"
S218,Senate,PN263,"Thomas Barrack, of Colorado, to be Ambassador to the Republic of Turkey"
S219,Senate,PN263,"Thomas Barrack, of Colorado, to be Ambassador to the Republic of Turkey"
S220,Senate,PN2618,"Tilman Fertitta, of Texas, to be Ambassador to the Italian Republic, and to serve concurrently and without additional compensation as Ambassador to the Republic of San Marino"
S221,Senate,PN2618,"Tilman Fertitta, of Texas, to be Ambassador to the Italian Republic, and to serve concurrently and without additional compensation as Ambassador to the Republic of San Marino"
S222,Senate,HJRES42,"A joint resolution providing for congressional disapproval under chapter 8 of title 5, United States Code, of the rule submitted by the Department of Energy relating to ""Energy Conservation Program for Appliance Standards: Certification Requirements, Labeling Requirements, and Enforcement Provisions for Certain Consumer Products and Commercial Equipment""."
S223,Senate,HJRES42,"A joint resolution providing for congressional disapproval under chapter 8 of title 5, United States Code, of the rule submitted by the Department of Energy relating to ""Energy Conservation Program for Appliance Standards: Certification Requirements, Labeling Requirements, and Enforcement Provisions for Certain Consumer Products and Commercial Equipment""."
S224,Senate,HJRES75,"A joint resolution providing for congressional disapproval under chapter 8 of title 5, United States Code, of the rule submitted by the Office of Energy Efficiency and Renewable Energy, Department of Energy relating to ""Energy Conservation Program: Energy Conservation Standards for Commercial Refrigerators, Freezers, and Refrigerator-Freezers""."
S225,Senate,SJRES49,A joint resolution terminating the national emergency declared to impose global tariffs.
S226,Senate,SJRES49,A joint resolution terminating the national emergency declared to impose global tariffs.
S227,Senate,SJRES31,"A joint resolution providing for congressional disapproval under chapter 8 of title 5, United States Code, of the rule submitted by the Environmental Protection Agency relating to ""Review of Final Rule Reclassification of Major Sources as Area Sources Under Section 112 of the Clean Air Act""."
S228,Senate,HJRES75,"A joint resolution providing for congressional disapproval under chapter 8 of title 5, United States Code, of the rule submitted by the Office of Energy Efficiency and Renewable Energy, Department of Energy relating to ""Energy Conservation Program: Energy Conservation Standards for Commercial Refrigerators, Freezers, and Refrigerator-Freezers""."
S229,Senate,SJRES31,"A joint resolution providing for congressional disapproval under chapter 8 of title 5, United States Code, of the rule submitted by the Environmental Protection Agency relating to ""Review of Final Rule Reclassification of Major Sources as Area Sources Under Section 112 of the Clean Air Act""."
S230,Senate,PN20,"Frank Bisignano, of New Jersey, to be Commissioner of Social Security Administration for the term expiring January 19, 2031"
S231,Senate,HJRES61,"A joint resolution providing for congressional disapproval under chapter 8 of title 5, United States Code, of the rule submitted by the Environmental Protection Agency relating to ""National Emission Standards for Hazardous Air Pollutants: Rubber Tire Manufacturing""."
S232,Senate,HJRES61,"A joint resolution providing for congressional disapproval under chapter 8 of title 5, United States Code, of the rule submitted by the Environmental Protection Agency relating to ""National Emission Standards for Hazardous Air Pollutants: Rubber Tire Manufacturing""."
S233,Senate,SJRES13,"A joint resolution providing for congressional disapproval under chapter 8 of title 5, United States Code, of the rule submitted by the Office of the Comptroller of the Currency of the Department of the Treasury relating to the review of applications under the Bank Merger Act."
S234,Senate,PN20,"Frank Bisignano, of New Jersey, to be Commissioner of Social Security Administration for the term expiring January 19, 2031"
S235,Senate,SJRES7,"A joint resolution providing for congressional disapproval under chapter 8 of title 5, United States Code, of the rule submitted by the Federal Communications Commission relating to ""Addressing the Homework Gap Through the E-Rate Program""."
S236,Senate,HJRES60,"A joint resolution providing for congressional disapproval under chapter 8 of title 5, United States Code, of the rule submitted by the National Park Service relating to ""Glen Canyon National Recreation Area: Motor Vehicles""."
S237,Senate,SJRES13,"A joint resolution providing for congressional disapproval under chapter 8 of title 5, United States Code, of the rule submitted by the Office of the Comptroller of the Currency of the Department of the Treasury relating to the review of applications under the Bank Merger Act."
S238,Senate,SJRES7,"A joint resolution providing for congressional disapproval under chapter 8 of title 5, United States Code, of the rule submitted by the Federal Communications Commission relating to ""Addressing the Homework Gap Through the E-Rate Program""."
S239,Senate,HJRES60,"A joint resolution providing for congressional disapproval under chapter 8 of title 5, United States Code, of the rule submitted by the National Park Service relating to ""Glen Canyon National Recreation Area: Motor Vehicles""."
S240,Senate,S1582,"A bill to provide for the regulation of payment stablecoins, and for other purposes."
S241,Senate,PN1210,"Monica Crowley, of New York, to be Chief of Protocol, and to have the rank of Ambassador during her tenure of service"
S242,Senate,PN1210,"Monica Crowley, of New York, to be Chief of Protocol, and to have the rank of Ambassador during her tenure of service"
S243,Senate,PN2550,"Reed Rubinstein, of Maryland, to be Legal Adviser of the Department of State"
S244,Senate,PN2550,"Reed Rubinstein, of Maryland, to be Legal Adviser of the Department of State"
S245,Senate,PN1230,"Troy Meink, of Virginia, to be Secretary of the Air Force"
S246,Senate,PN1230,"Troy Meink, of Virginia, to be Secretary of the Air Force"
S247,Senate,PN134,"James Danly, of Tennessee, to be Deputy Secretary of Energy"
S248,Senate,PN134,"James Danly, of Tennessee, to be Deputy Secretary of Energy"
S249,Senate,PN1310,"Katharine MacGregor, of Florida, to be Deputy Secretary of the Interior"
S250,Senate,PN1310,"Katharine MacGregor, of Florida, to be Deputy Secretary of the Interior"
S251,Senate,PN1238,"Michael Rigas, of Virginia, to be Deputy Secretary of State for Management and Resources"
S252,Senate,PN1238,"Michael Rigas, of Virginia, to be Deputy Secretary of State for Management and Resources"
S253,Senate,PN1231,"Emil Michael, of Florida, to be Under Secretary of Defense for Research and Engineering"
S254,Senate,PN1231,"Emil Michael, of Florida, to be Under Secretary of Defense for Research and Engineering"
S255,Senate,PN2646,"Eric Matthew Ueland, of Virginia, to be Deputy Director for Management, Office of Management and Budget"
S256,Senate,PN2646,"Eric Matthew Ueland, of Virginia, to be Deputy Director for Management, Office of Management and Budget"
S257,Senate,PN2511,"Sean Donahue, of Florida, to be an Assistant Administrator of the Environmental Protection Agency"
S258,Senate,PN2511,"Sean Donahue, of Florida, to be an Assistant Administrator of the Environmental Protection Agency"
S259,Senate,SRES195,A resolution requesting information on El Salvador's human rights practices pursuant to section 502B(c) of the Foreign Assistance Act of 1961.
S260,Senate,PN244,"Charles Kushner, of New York, to be Ambassador to the French Republic, and to serve concurrently and without additional compensation as Ambassador to the Principality of Monaco"
S261,Senate,PN244,"Charles Kushner, of New York, to be Ambassador to the French Republic, and to serve concurrently and without additional compensation as Ambassador to the Principality of Monaco"
S262,Senate,S1582,"A bill to provide for the regulation of payment stablecoins, and for other purposes."
S263,Senate,S1582,"A bill to provide for the regulation of payment stablecoins, and for other purposes."
S264,Senate,SJRES55,"A joint resolution providing for congressional disapproval under chapter 8 of title 5, United States Code, of the rule submitted by the National Highway Traffic Safety Administration relating to ""Federal Motor Vehicle Safety Standards; Fuel System Integrity of Hydrogen Vehicles; Compressed Hydrogen Storage System Integrity; Incorporation by Reference""."
S265,Senate,SJRES55,"A joint resolution providing for congressional disapproval under chapter 8 of title 5, United States Code, of the rule submitted by the National Highway Traffic Safety Administration relating to ""Federal Motor Vehicle Safety Standards; Fuel System Integrity of Hydrogen Vehicles; Compressed Hydrogen Storage System Integrity; Incorporation by Reference""."
S266,Senate,SJRES55,"A joint resolution providing for congressional disapproval under chapter 8 of title 5, United States Code, of the rule submitted by the National Highway Traffic Safety Administration relating to ""Federal Motor Vehicle Safety Standards; Fuel System Integrity of Hydrogen Vehicles; Compressed Hydrogen Storage System Integrity; Incorporation by Reference""."
S267,Senate,SJRES55,"A joint resolution providing for congressional disapproval under chapter 8 of title 5, United States Code, of the rule submitted by the National Highway Traffic Safety Administration relating to ""Federal Motor Vehicle Safety Standards; Fuel System Integrity of Hydrogen Vehicles; Compressed Hydrogen Storage System Integrity; Incorporation by Reference""."
S268,Senate,SJRES55,"A joint resolution providing for congressional disapproval under chapter 8 of title 5, United States Code, of the rule submitted by the National Highway Traffic Safety Administration relating to ""Federal Motor Vehicle Safety Standards; Fuel System Integrity of Hydrogen Vehicles; Compressed Hydrogen Storage System Integrity; Incorporation by Reference""."
S269,Senate,SJRES55,"A joint resolution providing for congressional disapproval under chapter 8 of title 5, United States Code, of the rule submitted by the National Highway Traffic Safety Administration relating to ""Federal Motor Vehicle Safety Standards; Fuel System Integrity of Hydrogen Vehicles; Compressed Hydrogen Storage System Integrity; Incorporation by Reference""."
S270,Senate,SJRES55,"A joint resolution providing for congressional disapproval under chapter 8 of title 5, United States Code, of the rule submitted by the National Highway Traffic Safety Administration relating to ""Federal Motor Vehicle Safety Standards; Fuel System Integrity of Hydrogen Vehicles; Compressed Hydrogen Storage System Integrity; Incorporation by Reference""."
S271,Senate,SJRES55,"A joint resolution providing for congressional disapproval under chapter 8 of title 5, United States Code, of the rule submitted by the National Highway Traffic Safety Administration relating to ""Federal Motor Vehicle Safety Standards; Fuel System Integrity of Hydrogen Vehicles; Compressed Hydrogen Storage System Integrity; Incorporation by Reference""."
S272,Senate,SJRES55,"A joint resolution providing for congressional disapproval under chapter 8 of title 5, United States Code, of the rule submitted by the National Highway Traffic Safety Administration relating to ""Federal Motor Vehicle Safety Standards; Fuel System Integrity of Hydrogen Vehicles; Compressed Hydrogen Storage System Integrity; Incorporation by Reference""."
S273,Senate,SJRES55,"A joint resolution providing for congressional disapproval under chapter 8 of title 5, United States Code, of the rule submitted by the National Highway Traffic Safety Administration relating to ""Federal Motor Vehicle Safety Standards; Fuel System Integrity of Hydrogen Vehicles; Compressed Hydrogen Storage System Integrity; Incorporation by Reference""."
S274,Senate,SJRES55,"A joint resolution providing for congressional disapproval under chapter 8 of title 5, United States Code, of the rule submitted by the National Highway Traffic Safety Administration relating to ""Federal Motor Vehicle Safety Standards; Fuel System Integrity of Hydrogen Vehicles; Compressed Hydrogen Storage System Integrity; Incorporation by Reference""."
S275,Senate,SJRES55,"A joint resolution providing for congressional disapproval under chapter 8 of title 5, United States Code, of the rule submitted by the National Highway Traffic Safety Administration relating to ""Federal Motor Vehicle Safety Standards; Fuel System Integrity of Hydrogen Vehicles; Compressed Hydrogen Storage System Integrity; Incorporation by Reference""."
S276,Senate,HJRES88,"A joint resolution providing congressional disapproval under chapter 8 of title 5, United States Code, of the rule submitted by the Environmental Protection Agency relating to ""California State Motor Vehicle and Engine Pollution Control Standards; Advanced Clean Cars II; Waiver of Preemption; Notice of Decision""."
S277,Senate,HJRES88,"A joint resolution providing congressional disapproval under chapter 8 of title 5, United States Code, of the rule submitted by the Environmental Protection Agency relating to ""California State Motor Vehicle and Engine Pollution Control Standards; Advanced Clean Cars II; Waiver of Preemption; Notice of Decision""."
S278,Senate,HJRES87,"A joint resolution providing congressional disapproval under chapter 8 of title 5, United States Code, of the rule submitted by the Environmental Protection Agency relating to ""California State Motor Vehicle and Engine Pollution Control Standards; Heavy-Duty Vehicle and Engine Emission Warranty and Maintenance Provisions; Advanced Clean Trucks; Zero Emission Airport Shuttle; Zero-Emission Power Train Certification; Waiver of Preemption; Notice of Decision""."
S279,Senate,HJRES87,"A joint resolution providing congressional disapproval under chapter 8 of title 5, United States Code, of the rule submitted by the Environmental Protection Agency relating to ""California State Motor Vehicle and Engine Pollution Control Standards; Heavy-Duty Vehicle and Engine Emission Warranty and Maintenance Provisions; Advanced Clean Trucks; Zero Emission Airport Shuttle; Zero-Emission Power Train Certification; Waiver of Preemption; Notice of Decision""."
S280,Senate,HJRES89,"A joint resolution providing congressional disapproval under chapter 8 of title 5, United States Code, of the rule submitted by the Environmental Protection Agency relating to ""California State Motor Vehicle and Engine and Nonroad Engine Pollution Control Standards; The 'Omnibus' Low NOX Regulation; Waiver of Preemption; Notice of Decision""."
S281,Senate,HJRES89,"A joint resolution providing congressional disapproval under chapter 8 of title 5, United States Code, of the rule submitted by the Environmental Protection Agency relating to ""California State Motor Vehicle and Engine and Nonroad Engine Pollution Control Standards; The 'Omnibus' Low NOX Regulation; Waiver of Preemption; Notice of Decision""."
S282,Senate,PN17,"Michael Duffey, of Virginia, to be Under Secretary of Defense for Acquisition and Sustainment"
S283,Senate,PN17,"Michael Duffey, of Virginia, to be Under Secretary of Defense for Acquisition and Sustainment"
S284,Senate,PN2519,"Allison Hooker, of Georgia, to be an Under Secretary of State (Political Affairs)"
S285,Senate,PN2519,"Allison Hooker, of Georgia, to be an Under Secretary of State (Political Affairs)"
S286,Senate,PN2216,"Dale Marks, of Florida, to be an Assistant Secretary of Defense"
S287,Senate,PN2216,"Dale Marks, of Florida, to be an Assistant Secretary of Defense"
S288,Senate,PN559,"Michelle Bowman, of Kansas, to be Vice Chairman for Supervision of the Board of Governors of the Federal Reserve System for a term of four years"
S289,Senate,PN5547,"Edward Walsh, of New Jersey, to be Ambassador to Ireland"
S290,Senate,PN1233,"James O'Neill, of California, to be Deputy Secretary of Health and Human Services"
S291,Senate,PN559,"Michelle Bowman, of Kansas, to be Vice Chairman for Supervision of the Board of Governors of the Federal Reserve System for a term of four years"
S292,Senate,PN5547,"Edward Walsh, of New Jersey, to be Ambassador to Ireland"
S293,Senate,PN1233,"James O'Neill, of California, to be Deputy Secretary of Health and Human Services"
S294,Senate,PN2616,"John Andrew Eisenberg, of Virginia, to be an Assistant Attorney General"
S295,Senate,PN2616,"John Andrew Eisenberg, of Virginia, to be an Assistant Attorney General"
S296,Senate,PN2643,"Brett Shumate, of Virginia, to be an Assistant Attorney General"
S297,Senate,PN2643,"Brett Shumate, of Virginia, to be an Assistant Attorney General"
S298,Senate,PN136,"David Fotouhi, of Virginia, to be Deputy Administrator of the Environmental Protection Agency"
S299,Senate,PN136,"David Fotouhi, of Virginia, to be Deputy Administrator of the Environmental Protection Agency"
S300,Senate,PN1243,"Stephen Vaden, of Tennessee, to be Deputy Secretary of Agriculture"
S301,Senate,PN1243,"Stephen Vaden, of Tennessee, to be Deputy Secretary of Agriculture"
S302,Senate,PN2620,"Andrew Hughes, of Texas, to be Deputy Secretary of Housing and Urban Development"
S303,Senate,PN2620,"Andrew Hughes, of Texas, to be Deputy Secretary of Housing and Urban Development"
S304,Senate,PN1227,"William Long, of Missouri, to be Commissioner of Internal Revenue for the remainder of the term expiring November 12, 2027"
S305,Senate,S1582,"A bill to provide for the regulation of payment stablecoins, and for other purposes."
S306,Senate,SJRES53,A joint resolution providing for congressional disapproval of the proposed foreign military sale to the Government of Qatar of certain defense articles and services.
S307,Senate,SJRES54,A joint resolution providing for congressional disapproval of the proposed foreign military sale to the Government of the United Arab Emirates of certain defense articles and services.
S308,Senate,PN1227,"William Long, of Missouri, to be Commissioner of Internal Revenue for the remainder of the term expiring November 12, 2027"
S309,Senate,S1582,To improve the bill.
S310,Senate,S1582,In the nature of a substitute.
S311,Senate,S1582,In the nature of a substitute.
S312,Senate,S1582,"A bill to provide for the regulation of payment stablecoins, and for other purposes."
S313,Senate,PN251,"Gary Andres, of Virginia, to be an Assistant Secretary of Health and Human Services"
S314,Senate,PN246,"Olivia Trusty, of Maryland, to be a Member of the Federal Communications Commission for the remainder of the term expiring June 30, 2025"
S315,Senate,PN247,"Olivia Trusty, of Maryland, to be a Member of the Federal Communications Commission for a term of five years from July 1, 2025"
S316,Senate,PN251,"Gary Andres, of Virginia, to be an Assistant Secretary of Health and Human Services"
S317,Senate,PN246,"Olivia Trusty, of Maryland, to be a Member of the Federal Communications Commission for the remainder of the term expiring June 30, 2025"
S318,Senate,S1582,"A bill to provide for the regulation of payment stablecoins, and for other purposes."
S319,Senate,PN1240,"Rodney Scott, of Oklahoma, to be Commissioner of U.S. Customs and Border Protection, Department of Homeland Security"
S320,Senate,PN247,"Olivia Trusty, of Maryland, to be a Member of the Federal Communications Commission for a term of five years from July 1, 2025"
S321,Senate,PN1240,"Rodney Scott, of Oklahoma, to be Commissioner of U.S. Customs and Border Protection, Department of Homeland Security"
S322,Senate,PN2650,"Daniel Zimmerman, of North Carolina, to be an Assistant Secretary of Defense"
S323,Senate,PN2650,"Daniel Zimmerman, of North Carolina, to be an Assistant Secretary of Defense"
S324,Senate,PN2612,"Paul Dabbar, of New York, to be Deputy Secretary of Commerce"
S325,Senate,PN2612,"Paul Dabbar, of New York, to be Deputy Secretary of Commerce"
S326,Senate,PN137,"Kenneth Kies, of Virginia, to be an Assistant Secretary of the Treasury"
S327,Senate,PN137,"Kenneth Kies, of Virginia, to be an Assistant Secretary of the Treasury"
S328,Senate,SJRES59,A joint resolution to direct the removal of United States Armed Forces from hostilities against the Islamic Republic of Iran that have not been authorized by Congress.
S329,Senate,HR1,A bill to provide for reconciliation pursuant to title II of H. Con. Res. 14.
S330,Senate,HR1,In the nature of a substitute.
S331,Senate,HR1,A bill to provide for reconciliation pursuant to title II of H. Con. Res. 14.
S332,Senate,HR1,A bill to provide for reconciliation pursuant to title II of H. Con. Res. 14.
S333,Senate,HR1,A bill to provide for reconciliation pursuant to title II of H. Con. Res. 14.
S334,Senate,HR1,A bill to provide for reconciliation pursuant to title II of H. Con. Res. 14.
S335,Senate,HR1,A bill to provide for reconciliation pursuant to title II of H. Con. Res. 14.
S336,Senate,HR1,A bill to provide for reconciliation pursuant to title II of H. Con. Res. 14.
S337,Senate,HR1,A bill to provide for reconciliation pursuant to title II of H. Con. Res. 14.
S338,Senate,HR1,A bill to provide for reconciliation pursuant to title II of H. Con. Res. 14.
S339,Senate,HR1,"To amend the Internal Revenue Code of 1986 to extend the enhanced premium tax credits and increase the individual tax rate for taxpayers with income of $10,000,000."
S340,Senate,HR1,A bill to provide for reconciliation pursuant to title II of H. Con. Res. 14.
S341,Senate,HR1,To strike the reduction in the funding cap for the Bureau of Consumer Financial Protection.
S342,Senate,HR1,To reduce the FMAP for the Medicaid expansion to 80 percent in expansion States that provide State-funded coverage to aliens who are not qualified aliens and who are have been charged with or convicted of certain acts.
S343,Senate,HR1,To prevent cryptocurrency corruption.
S344,Senate,HR1,No Statement of Purpose on File.
S345,Senate,HR1,"To prohibit Federal financial participation under Medicaid and CHIP for individuals without verified citizenship, nationality, or satisfactory immigration status."
S346,Senate,HR1,A bill to provide for reconciliation pursuant to title II of H. Con. Res. 14.
S347,Senate,HR1,A bill to provide for reconciliation pursuant to title II of H. Con. Res. 14.
S348,Senate,HR1,A bill to provide for reconciliation pursuant to title II of H. Con. Res. 14.
S349,Senate,HR1,A bill to provide for reconciliation pursuant to title II of H. Con. Res. 14.
S350,Senate,HR1,A bill to provide for reconciliation pursuant to title II of H. Con. Res. 14.
S351,Senate,HR1,A bill to provide for reconciliation pursuant to title II of H. Con. Res. 14.
S352,Senate,HR1,To prohibit the use of Defense Production Act of 1950 funds without the approval of Congress.
S353,Senate,HR1,A bill to provide for reconciliation pursuant to title II of H. Con. Res. 14.
S354,Senate,HR1,A bill to provide for reconciliation pursuant to title II of H. Con. Res. 14.
S355,Senate,HR1,"To amend the Internal Revenue Code of 1986 to apply a 39.6 percent individual income tax rate, and to provide additional funding and specify eligible providers under the Rural Health Transformation Program."
S356,Senate,HR1,To amend the Internal Revenue Code of 1986 to provide a deduction for expenses of home educators.
S357,Senate,HR1,A bill to provide for reconciliation pursuant to title II of H. Con. Res. 14.
S358,Senate,HR1,"To eliminate a program of qualified elementary and secondary education scholarships for public, private, or religious schools."
S359,Senate,HR1,A bill to provide for reconciliation pursuant to title II of H. Con. Res. 14.
S360,Senate,HR1,To terminate wind and solar credits.
S361,Senate,HR1,To strike a provision relating to limitations on certain Medicaid payments.
S362,Senate,HR1,"To cut the price of prescription drugs under Medicare in half and expand Medicare to cover dental, vision, and hearing."
S363,Senate,HR1,To strike the section relating to support for artificial intelligence.
S364,Senate,HR1,To maintain parity for wind and solar facilities under the Internal Revenue Code of 1986.
S365,Senate,HR1,"To modify the provision terminating the residential clean energy credit, and for other purposes."
S366,Senate,HR1,"To repeal amendments that terminate certain clean energy credits, and for other purposes."
S367,Senate,HR1,Use of revenues from lease payments from Metropolitan Washington Airports for aviation safety improvements and other purposes.
S368,Senate,HR1,To strike the appropriations for the Office of Management and Budget.
S369,Senate,HR1,To strike a provision relating to delayed implementation of the supplemental nutrition assistance program matching funds requirements.
S370,Senate,HR1,To improve the bill.
S371,Senate,HR1,In the nature of a substitute.
S372,Senate,HR1,A bill to provide for reconciliation pursuant to title II of H. Con. Res. 14.
S373,Senate,PN1220,"Preston Griffith, of Virginia, to be Under Secretary of Energy"
S374,Senate,PN556,"Bryan Bedford, of Indiana, to be Administrator of the Federal Aviation Administration for the term of five years"
S375,Senate,PN1220,"Preston Griffith, of Virginia, to be Under Secretary of Energy"
S376,Senate,PN1224,"Scott Kupor, of California, to be Director of the Office of Personnel Management for a term of four years"
S377,Senate,PN556,"Bryan Bedford, of Indiana, to be Administrator of the Federal Aviation Administration for the term of five years"
S378,Senate,PN133,"William Briggs, of Texas, to be Deputy Administrator of the Small Business Administration"
S379,Senate,PN1224,"Scott Kupor, of California, to be Director of the Office of Personnel Management for a term of four years"
S380,Senate,PN133,"William Briggs, of Texas, to be Deputy Administrator of the Small Business Administration"
S381,Senate,PN2515,"Jonathan Gould, of Virginia, to be Comptroller of the Currency for a term of five years"
S382,Senate,PN1503,"Whitney D. Hermandorfer, of Tennessee, to be United States Circuit Judge for the Sixth Circuit"
S383,Senate,PN2515,"Jonathan Gould, of Virginia, to be Comptroller of the Currency for a term of five years"
S384,Senate,PN1503,"Whitney D. Hermandorfer, of Tennessee, to be United States Circuit Judge for the Sixth Circuit"
S385,Senate,PN2539,"Luke Pettit, of the District of Columbia, to be an Assistant Secretary of the Treasury"
S386,Senate,PN2539,"Luke Pettit, of the District of Columbia, to be an Assistant Secretary of the Treasury"
S387,Senate,PN2226,"Anthony Tata, of Florida, to be Under Secretary of Defense for Personnel and Readiness"
S388,Senate,PN2226,"Anthony Tata, of Florida, to be Under Secretary of Defense for Personnel and Readiness"
S389,Senate,PN2615,"Joseph Edlow, of Maryland, to be Director of United States Citizenship and Immigration Services, Department of Homeland Security"
S390,Senate,PN2615,"Joseph Edlow, of Maryland, to be Director of United States Citizenship and Immigration Services, Department of Homeland Security"
S391,Senate,HR4,"A bill to rescind certain budget authority proposed to be rescinded in special messages transmitted to the Congress by the President on June 3, 2025, in accordance with section 1012(a) of the Congressional Budget and Impoundment Control Act of 1974."
S392,Senate,HR4,"A bill to rescind certain budget authority proposed to be rescinded in special messages transmitted to the Congress by the President on June 3, 2025, in accordance with section 1012(a) of the Congressional Budget and Impoundment Control Act of 1974."
S393,Senate,HR4,"To strike the recession of amounts made available for international disaster assistance, to ensure the United States can compete with China and maintain our long tradition of providing lifesaving aid."
S394,Senate,HR4,"A bill to rescind certain budget authority proposed to be rescinded in special messages transmitted to the Congress by the President on June 3, 2025, in accordance with section 1012(a) of the Congressional Budget and Impoundment Control Act of 1974."
S395,Senate,HR4,"A bill to rescind certain budget authority proposed to be rescinded in special messages transmitted to the Congress by the President on June 3, 2025, in accordance with section 1012(a) of the Congressional Budget and Impoundment Control Act of 1974."
S396,Senate,HR4,"A bill to rescind certain budget authority proposed to be rescinded in special messages transmitted to the Congress by the President on June 3, 2025, in accordance with section 1012(a) of the Congressional Budget and Impoundment Control Act of 1974."
S397,Senate,HR4,To strike the rescissions of funding for the Corporation for Public Broadcasting.
S398,Senate,HR4,"A bill to rescind certain budget authority proposed to be rescinded in special messages transmitted to the Congress by the President on June 3, 2025, in accordance with section 1012(a) of the Congressional Budget and Impoundment Control Act of 1974."
S399,Senate,HR4,"A bill to rescind certain budget authority proposed to be rescinded in special messages transmitted to the Congress by the President on June 3, 2025, in accordance with section 1012(a) of the Congressional Budget and Impoundment Control Act of 1974."
S400,Senate,HR4,To reduce the amount rescinded from Global Health programs to preserve funding for programs addressing diseases.
S401,Senate,HR4,"A bill to rescind certain budget authority proposed to be rescinded in special messages transmitted to the Congress by the President on June 3, 2025, in accordance with section 1012(a) of the Congressional Budget and Impoundment Control Act of 1974."
S402,Senate,HR4,"To strike the rescission of funds appropriated for Global Health programs, including family planning and reproductive health."
S403,Senate,HR4,"A bill to rescind certain budget authority proposed to be rescinded in special messages transmitted to the Congress by the President on June 3, 2025, in accordance with section 1012(a) of the Congressional Budget and Impoundment Control Act of 1974."
S404,Senate,HR4,To strike the rescission of funds appropriated for the Feed the Future Program to improve global food security and agricultural resiliency and support agriculture research that benefits United States agribusinesses and universities.
S405,Senate,HR4,In the nature of a substitute.
S406,Senate,HR4,To improve the bill.
S407,Senate,HR4,"To reduce the amount rescinded from Assistance to Europe, Eurasia, and Central Asia."
S408,Senate,HR4,To reduce the amount rescinded from International Organizations and Programs and to ensure that UNICEF receives all of the funding previously appropriated to it by Congress.
S409,Senate,HR4,"To strike the paragraph of the bill that rescinds $15,000,000 that had been appropriated for the United States Institute of Peace."
S410,Senate,HR4,In the nature of a substitute.
S411,Senate,HR4,"A bill to rescind certain budget authority proposed to be rescinded in special messages transmitted to the Congress by the President on June 3, 2025, in accordance with section 1012(a) of the Congressional Budget and Impoundment Control Act of 1974."
S412,Senate,PN1502,"Joshua M. Divine, of Missouri, to be United States District Judge for the Eastern and Western Districts of Missouri"
S413,Senate,PN1506,"Cristian M. Stevens, of Missouri, to be United States District Judge for the Eastern District of Missouri"
S414,Senate,PN2627,"Aaron Lukas, of Arkansas, to be Principal Deputy Director of National Intelligence"
S415,Senate,PN227,"Bradley Hansell, of Virginia, to be Under Secretary of Defense for Intelligence and Security"
S416,Senate,PN2225,"Arielle Roth, of the District of Columbia, to be Assistant Secretary of Commerce for Communications and Information"
S417,Senate,PN243,"John Hurley, of California, to be Under Secretary for Terrorism and Financial Crimes"
S418,Senate,PN2611,"Terrance Cole, of Virginia, to be Administrator of Drug Enforcement"
S419,Senate,PN2611,"Terrance Cole, of Virginia, to be Administrator of Drug Enforcement"
S420,Senate,PN1502,"Joshua M. Divine, of Missouri, to be United States District Judge for the Eastern and Western Districts of Missouri"
S421,Senate,PN1506,"Cristian M. Stevens, of Missouri, to be United States District Judge for the Eastern District of Missouri"
S422,Senate,HR3944,"A bill making appropriations for military construction, the Department of Veterans Affairs, and related agencies for the fiscal year ending September 30, 2026, and for other purposes."
S423,Senate,HR3944,"A bill making appropriations for military construction, the Department of Veterans Affairs, and related agencies for the fiscal year ending September 30, 2026, and for other purposes."
S424,Senate,PN2627,"Aaron Lukas, of Arkansas, to be Principal Deputy Director of National Intelligence"
S425,Senate,PN227,"Bradley Hansell, of Virginia, to be Under Secretary of Defense for Intelligence and Security"
S426,Senate,PN2225,"Arielle Roth, of the District of Columbia, to be Assistant Secretary of Commerce for Communications and Information"
S427,Senate,PN243,"John Hurley, of California, to be Under Secretary for Terrorism and Financial Crimes"
S428,Senate,HR3944,"A bill making appropriations for military construction, the Department of Veterans Affairs, and related agencies for the fiscal year ending September 30, 2026, and for other purposes."
S429,Senate,PN1501,"Zachary M. Bluestone, of Missouri, to be United States District Judge for the Eastern District of Missouri"
S430,Senate,PN1501,"Zachary M. Bluestone, of Missouri, to be United States District Judge for the Eastern District of Missouri"
S431,Senate,PN2553,"Aaron Szabo, of Virginia, to be an Assistant Administrator of the Environmental Protection Agency"
S432,Senate,PN2553,"Aaron Szabo, of Virginia, to be an Assistant Administrator of the Environmental Protection Agency"
S433,Senate,PN2215,"Matthew Lohmeier, of Arizona, to be Under Secretary of the Air Force"
S434,Senate,PN2215,"Matthew Lohmeier, of Arizona, to be Under Secretary of the Air Force"
S435,Senate,PN2554,"Richard Topping, of Ohio, to be Chief Financial Officer, Department of Veterans Affairs"
S436,Senate,PN2554,"Richard Topping, of Ohio, to be Chief Financial Officer, Department of Veterans Affairs"
S437,Senate,PN3462,"Emil J. Bove III, of Pennsylvania, to be United States Circuit Judge for the Third Circuit"
S438,Senate,PN34520,"David Wright, of South Carolina, to be a Member of the Nuclear Regulatory Commission for the term of five years expiring June 30, 2030"
S439,Senate,PN34520,"David Wright, of South Carolina, to be a Member of the Nuclear Regulatory Commission for the term of five years expiring June 30, 2030"
S440,Senate,PN2217,"Earl Matthews, of Virginia, to be General Counsel of the Department of Defense"
S441,Senate,PN2217,"Earl Matthews, of Virginia, to be General Counsel of the Department of Defense"
S442,Senate,PN2213,"William Kimmitt, of Virginia, to be Under Secretary of Commerce for International Trade"
S443,Senate,PN2213,"William Kimmitt, of Virginia, to be Under Secretary of Commerce for International Trade"
S444,Senate,PN6014,"Susan Monarez, of Wisconsin, to be Director of the Centers for Disease Control and Prevention"
S445,Senate,PN6014,"Susan Monarez, of Wisconsin, to be Director of the Centers for Disease Control and Prevention"
S446,Senate,PN127,"Samuel Brown, of Nevada, to be Under Secretary of Veterans Affairs for Memorial Affairs"
S447,Senate,PN127,"Samuel Brown, of Nevada, to be Under Secretary of Veterans Affairs for Memorial Affairs"
S448,Senate,PN3462,"Emil J. Bove III, of Pennsylvania, to be United States Circuit Judge for the Third Circuit"
S449,Senate,PN1294,"Thomas Gaiser, of Ohio, to be an Assistant Attorney General"
S450,Senate,PN1294,"Thomas Gaiser, of Ohio, to be an Assistant Attorney General"
S451,Senate,PN2527,"Joseph Kent, of Washington, to be Director of the National Counterterrorism Center, Office of the Director of National Intelligence"
S452,Senate,PN2527,"Joseph Kent, of Washington, to be Director of the National Counterterrorism Center, Office of the Director of National Intelligence"
S453,Senate,PN258,"Tyler Clarkson, of Virginia, to be General Counsel of the Department of Agriculture"
S454,Senate,SJRES41,A joint resolution providing for congressional disapproval of the proposed export of certain defense articles to Israel.
S455,Senate,SJRES34,A joint resolution providing for congressional disapproval of the proposed foreign military sale to the Government of Israel of certain defense articles and services.
S456,Senate,PN2642,"Gadyaces Serralta, of Florida, to be Director of the United States Marshals Service"
S457,Senate,PN2625,"Matthew Kozma, of Virginia, to be Under Secretary for Intelligence and Analysis, Department of Homeland Security"
S458,Senate,PN14130,"Cheryl Mason, of North Carolina, to be Inspector General, Department of Veterans Affairs"
S459,Senate,PN258,"Tyler Clarkson, of Virginia, to be General Counsel of the Department of Agriculture"
S460,Senate,PN2642,"Gadyaces Serralta, of Florida, to be Director of the United States Marshals Service"
S461,Senate,PN14130,"Cheryl Mason, of North Carolina, to be Inspector General, Department of Veterans Affairs"
S462,Senate,PN5528,"Andrea Lucas, of Virginia, to be a Member of the Equal Employment Opportunity Commission for a term expiring July 1, 2030"
S463,Senate,PN2625,"Matthew Kozma, of Virginia, to be Under Secretary for Intelligence and Analysis, Department of Homeland Security"
S464,Senate,PN5528,"Andrea Lucas, of Virginia, to be a Member of the Equal Employment Opportunity Commission for a term expiring July 1, 2030"
S465,Senate,PN1311,"Casey Mulligan, of Illinois, to be Chief Counsel for Advocacy, Small Business Administration"
S466,Senate,PN2649,"David Woll, of Virginia, to be General Counsel of the Department of Housing and Urban Development"
S467,Senate,PN2526,"Nicholas Kent, of Virginia, to be Under Secretary of Education"
S468,Senate,PN1311,"Casey Mulligan, of Illinois, to be Chief Counsel for Advocacy, Small Business Administration"
S469,Senate,PN1311,"Casey Mulligan, of Illinois, to be Chief Counsel for Advocacy, Small Business Administration"
S470,Senate,PN2535,"Brian Nesvik, of Wyoming, to be Director of the United States Fish and Wildlife Service"
S471,Senate,PN5536,"Luigi Rinaldi, of New York, to be Ambassador to the Oriental Republic of Uruguay"
S472,Senate,HR3944,To limit recissions of funding.
S473,Senate,HR3944,To require a report on veterans who would have been reported to the national instant criminal background check system and who die by suicide with a firearm.
S474,Senate,HR3944,"To prohibit funds from being used for reorganization of the Department of Agriculture and to require a benefit-cost analysis on that reorganization, a public comment period, and a report."
S475,Senate,HR3944,To require the Secretary of Veterans Affairs to submit to Congress a report on the plan of the Secretary for Department of Veterans Affairs workforce reduction in fiscal year 2026.
S476,Senate,HR3944,To reduce the Agriculture discretionary appropriations by 2 percent across the board.
S477,Senate,HR3944,"To reduce funding for certain programs under the division making appropriations for Agriculture, Rural Development, Food and Drug Administration, and Related Agencies."
S478,Senate,HR3944,To limit disclosures regarding earmarks.
S479,Senate,HR3944,In the nature of a substitute.
S480,Senate,HR3944,"A bill making appropriations for military construction, the Department of Veterans Affairs, and related agencies for the fiscal year ending September 30, 2026, and for other purposes."
S481,Senate,HR3944,To improve the bill.
S482,Senate,PN5536,"Luigi Rinaldi, of New York, to be Ambassador to the Oriental Republic of Uruguay"
S483,Senate,PN2649,"David Woll, of Virginia, to be General Counsel of the Department of Housing and Urban Development"
S484,Senate,PN2526,"Nicholas Kent, of Virginia, to be Under Secretary of Education"
S485,Senate,PN2639,"Andrew Puzder, of Tennessee, to be Representative of the United States of America to the European Union, with the rank of Ambassador"
S486,Senate,PN2639,"Andrew Puzder, of Tennessee, to be Representative of the United States of America to the European Union, with the rank of Ambassador"
S487,Senate,PN265,"Brian Burch, of Illinois, to be Ambassador to the Holy See"
S488,Senate,PN265,"Brian Burch, of Illinois, to be Ambassador to the Holy See"
S489,Senate,PN2640,"Jason Reding Quinones, of Florida, to be United States Attorney for the Southern District of Florida for the term of four years"
S490,Senate,PN2640,"Jason Reding Quinones, of Florida, to be United States Attorney for the Southern District of Florida for the term of four years"
S491,Senate,PN34515,"Jeanine Pirro, of New York, to be United States Attorney for the District of Columbia for the term of four years"
S492,Senate,PN34515,"Jeanine Pirro, of New York, to be United States Attorney for the District of Columbia for the term of four years"
S493,Senate,PN1226,"Luke Lindberg, of South Dakota, to be Under Secretary of Agriculture for Trade and Foreign Agricultural Affairs"
S494,Senate,PN1226,"Luke Lindberg, of South Dakota, to be Under Secretary of Agriculture for Trade and Foreign Agricultural Affairs"
S495,Senate,PN2516,"Catherine Hanson, of South Carolina, to be Chief Financial Officer, Environmental Protection Agency"
S496,Senate,PN262,"John Arrigo, of Florida, to be Ambassador to the Portuguese Republic"
S497,Senate,PN242,"Sean Cairncross, of Minnesota, to be National Cyber Director"
S498,Senate,PN5543,"Adam Telle, of Mississippi, to be an Assistant Secretary of the Army"
S499,Senate,PN2218,"Marcus Molinaro, of New York, to be Federal Transit Administrator"
S500,Senate,S2296,"An original bill to authorize appropriations for fiscal year 2026 for military activities of the Department of Defense, for military construction, and for defense activities of the Department of Energy, to prescribe military personnel strengths for such fiscal year, and for other purposes."
S501,Senate,PN1504,"Maria A. Lanahan, of Missouri, to be United States District Judge for the Eastern District of Missouri"
S502,Senate,PN3461,"Edward L. Artau, of Florida, to be United States District Judge for the Southern District of Florida"
S503,Senate,S2296,"An original bill to authorize appropriations for fiscal year 2026 for military activities of the Department of Defense, for military construction, and for defense activities of the Department of Energy, to prescribe military personnel strengths for such fiscal year, and for other purposes."
S504,Senate,PN3461,"Edward L. Artau, of Florida, to be United States District Judge for the Southern District of Florida"
S505,Senate,PN1504,"Maria A. Lanahan, of Missouri, to be United States District Judge for the Eastern District of Missouri"
S506,Senate,PN12910,"Robert Law, of the District of Columbia, to be Under Secretary for Strategy, Policy, and Plans, Department of Homeland Security"
S507,Senate,PN12910,"Robert Law, of the District of Columbia, to be Under Secretary for Strategy, Policy, and Plans, Department of Homeland Security"
S508,Senate,PN3463,"Kyle Christopher Dudek, of Florida, to be United States District Judge for the Middle District of Florida"
S509,Senate,PN3463,"Kyle Christopher Dudek, of Florida, to be United States District Judge for the Middle District of Florida"
S510,Senate,SRES377,An executive resolution authorizing the en bloc consideration in Executive Session of certain nominations on the Executive Calendar.
S511,Senate,SRES377,An executive resolution authorizing the en bloc consideration in Executive Session of certain nominations on the Executive Calendar.
S512,Senate,S2296,To direct the Attorney General to make publicly available documents related to Jeffrey Epstein.
S513,Senate,SRES377,An executive resolution authorizing the en bloc consideration in Executive Session of certain nominations on the Executive Calendar.
S514,Senate,SRES377,An executive resolution authorizing the en bloc consideration in Executive Session of certain nominations on the Executive Calendar.
S515,Senate,SRES377,An executive resolution authorizing the en bloc consideration in Executive Session of certain nominations on the Executive Calendar.
S516,Senate,SRES377,An executive resolution authorizing the en bloc consideration in Executive Session of certain nominations on the Executive Calendar.
S517,Senate,SRES377,An executive resolution authorizing the en bloc consideration in Executive Session of certain nominations on the Executive Calendar.
S518,Senate,PN464,"Stephen Miran, of New York, to be a Member of the Board of Governors of the Federal Reserve System for the unexpired term of fourteen years from February 1, 2012"
S519,Senate,PN464,"Stephen Miran, of New York, to be a Member of the Board of Governors of the Federal Reserve System for the unexpired term of fourteen years from February 1, 2012"
S520,Senate,SJRES60,"A joint resolution providing for congressional disapproval under chapter 8 of title 5, United States Code, of the rule submitted by the Environmental Protection Agency relating to ""Emissions Budget and Allowance Allocations for Indiana Under the Revised Cross-State Air Pollution Rule Update""."
S521,Senate,SCONRES22,A concurrent resolution setting forth the congressional budget for the United States Government for fiscal year 2026 and setting forth the appropriate budgetary levels for fiscal years 2027 through 2035.
S522,Senate,PN5525,"Jessica Kramer, of Wisconsin, to be an Assistant Administrator of the Environmental Protection Agency; and Dario Gil, of New York, to be Under Secretary for Science, Department of Energy; and Brandon Williams, of New York, to be Under Secretary for Nuclear Security; and Tristan Abbey, of Florida, to be Administrator of the Energy Information Administration; and Leslie Beyer, of Texas, to be an Assistant Secretary of the Interior; and Theodore J. Garrish, of Maryland, to be an Assistant Secretary of Energy (Nuclear Energy); and Andrea Travnicek, of North Dakota, to be an Assistant Secretary of the Interior; and Justin Overbaugh, of Florida, to be a Deputy Under Secretary of Defense; and Scott Pappano, of Pennsylvania, to be Principal Deputy Administrator, National Nuclear Security Administration; and Michael Cadenazzi, of Rhode Island, to be an Assistant Secretary of Defense; and Sean O'Keefe, of Virginia, to be a Deputy Under Secretary of Defense; and Michael Obadal, of Virginia, to be Under Secretary of the Army; and Katherine Sutton, of Illinois, to be an Assistant Secretary of Defense; and William L. Doffermyre, of Texas, to be Solicitor of the Department of the Interior; and Kyle Haustveit, of Oklahoma, to be an Assistant Secretary of Energy (Fossil Energy); and Matthew Napoli, of Virginia, to be Deputy Administrator for Defense Nuclear Nonproliferation, National Nuclear Security Administration; and Richard Anderson, of Virginia, to be an Assistant Secretary of the Air Force; and Conner Prochaska, of Texas, to be Director of the Advanced Research Projects Agency-Energy, Department of Energy; and Tina Pierce, of Idaho, to be Chief Financial Officer, Department of Energy; and Jonathan Brightbill, of Virginia, to be General Counsel of the Department of Energy; and Robert Gleason, of Pennsylvania, to be Director of the Amtrak Board of Directors for a term of five years; and Sean McMaster, of Virginia, to be Administrator of the Federal Highway Administration; and Donald Bergin III, of Virginia, to be an Assistant Secretary of Veterans Affairs (Congressional and Legislative Affairs); and John Squires, of Florida, to be Under Secretary of Commerce for Intellectual Property and Director of the United States Patent and Trademark Office; and Daniel Aronowitz, of Virginia, to be an Assistant Secretary of Labor; and Michael Dodd, of Indiana, to be an Assistant Secretary of Defense; and William Gillis, of Virginia, to be an Assistant Secretary of the Army; and Jules Hurst III, of Virginia, to be an Assistant Secretary of the Army; and Brent Ingraham, of Virginia, to be an Assistant Secretary of the Army; and George Wesley Street, of Virginia, to be Director of the National Counterintelligence and Security Center; and Peter Thomson, of Louisiana, to be Inspector General, Central Intelligence Agency; and Jeffrey Bartos, of Pennsylvania, to be Representative of the United States of America to the United Nations for U.N. Management and Reform, with the Rank of Ambassador, and to serve concurrently and without additional compensation as an Alternate Representative of the United States of America to the Sessions of the General Assembly of the United Nations; and Jennifer Locetta, of Florida, to be Alternate Representative of the United States of America for Special Political Affairs in the United Nations, with the rank of Ambassador, and to serve concurrently and without additional compensation as an Alternate Representative of the United States of America to the Sessions of the General Assembly of the United Nations; and Dudley Hoskins, of the District of Columbia, to be Under Secretary of Agriculture for Marketing and Regulatory Programs; and Scott Hutchins, of Indiana, to be Under Secretary of Agriculture for Research, Education, and Economics; and Benjamin DeMarzo, of Virginia, to be an Assistant Secretary of Housing and Urban Development; and Jovan Jovanovic, of Pennsylvania, to be President of the Export-Import Bank of the United States for a term expiring January 20, 2029; and Richard Fordyce, of Missouri, to be Under Secretary of Agriculture for Farm Production and Conservation; and Paul Roberti, of Rhode Island, to be Administrator of the Pipeline and Hazardous Materials Safety Administration, Department of Transportation; and Jonathan Morrison, of California, to be Administrator of the National Highway Traffic Safety Administration; and Jason Evans, of Texas, to be an Under Secretary of State (Management); and Edward Aloysius O'Connell, of the District of Columbia, to be an Associate Judge of the Superior Court of the District of Columbia for the term of fifteen years; and Katherine Scarlett, of Ohio, to be a Member of the Council on Environmental Quality; and Bryan Switzer, of Virginia, to be a Deputy United States Trade Representative (Asia, Textiles, Investment, Services, and Intellectual Property), with the rank of Ambassador; and Callista Gingrich, of Florida, to be Ambassador to the Swiss Confederation, and to serve concurrently and without additional compensation as Ambassador to the Principality of Liechtenstein; and Kimberly Guilfoyle, of Florida, to be Ambassador to Greece; and Christine Toretti, of Pennsylvania, to be Ambassador to the Kingdom of Sweden; and Peter Lamelas, of Florida, to be Ambassador to the Argentine Republic"
S523,Senate,PN2528,"Peter Lamelas, of Florida, to be Ambassador to the Argentine Republic; and Christine Toretti, of Pennsylvania, to be Ambassador to the Kingdom of Sweden; and Kimberly Guilfoyle, of Florida, to be Ambassador to Greece; and Callista Gingrich, of Florida, to be Ambassador to the Swiss Confederation, and to serve concurrently and without additional compensation as Ambassador to the Principality of Liechtenstein; and Bryan Switzer, of Virginia, to be a Deputy United States Trade Representative (Asia, Textiles, Investment, Services, and Intellectual Property), with the rank of Ambassador; and Katherine Scarlett, of Ohio, to be a Member of the Council on Environmental Quality; and Edward Aloysius O'Connell, of the District of Columbia, to be an Associate Judge of the Superior Court of the District of Columbia for the term of fifteen years; and Jason Evans, of Texas, to be an Under Secretary of State (Management); and Jonathan Morrison, of California, to be Administrator of the National Highway Traffic Safety Administration; and Paul Roberti, of Rhode Island, to be Administrator of the Pipeline and Hazardous Materials Safety Administration, Department of Transportation; and Richard Fordyce, of Missouri, to be Under Secretary of Agriculture for Farm Production and Conservation; and Jovan Jovanovic, of Pennsylvania, to be President of the Export-Import Bank of the United States for a term expiring January 20, 2029; and Benjamin DeMarzo, of Virginia, to be an Assistant Secretary of Housing and Urban Development; and Scott Hutchins, of Indiana, to be Under Secretary of Agriculture for Research, Education, and Economics; and Dudley Hoskins, of the District of Columbia, to be Under Secretary of Agriculture for Marketing and Regulatory Programs; and Jennifer Locetta, of Florida, to be Alternate Representative of the United States of America for Special Political Affairs in the United Nations, with the rank of Ambassador, and to serve concurrently and without additional compensation as an Alternate Representative of the United States of America to the Sessions of the General Assembly of the United Nations; and Jeffrey Bartos, of Pennsylvania, to be Representative of the United States of America to the United Nations for U.N. Management and Reform, with the Rank of Ambassador, and to serve concurrently and without additional compensation as an Alternate Representative of the United States of America to the Sessions of the General Assembly of the United Nations; and Peter Thomson, of Louisiana, to be Inspector General, Central Intelligence Agency; and George Wesley Street, of Virginia, to be Director of the National Counterintelligence and Security Center; and Brent Ingraham, of Virginia, to be an Assistant Secretary of the Army; and Jules Hurst III, of Virginia, to be an Assistant Secretary of the Army; and William Gillis, of Virginia, to be an Assistant Secretary of the Army; and Michael Dodd, of Indiana, to be an Assistant Secretary of Defense; and Daniel Aronowitz, of Virginia, to be an Assistant Secretary of Labor; and John Squires, of Florida, to be Under Secretary of Commerce for Intellectual Property and Director of the United States Patent and Trademark Office; and Donald Bergin III, of Virginia, to be an Assistant Secretary of Veterans Affairs (Congressional and Legislative Affairs); and Sean McMaster, of Virginia, to be Administrator of the Federal Highway Administration; and Robert Gleason, of Pennsylvania, to be Director of the Amtrak Board of Directors for a term of five years; and Jonathan Brightbill, of Virginia, to be General Counsel of the Department of Energy; and Tina Pierce, of Idaho, to be Chief Financial Officer, Department of Energy; and Conner Prochaska, of Texas, to be Director of the Advanced Research Projects Agency-Energy, Department of Energy; and Richard Anderson, of Virginia, to be an Assistant Secretary of the Air Force; and Matthew Napoli, of Virginia, to be Deputy Administrator for Defense Nuclear Nonproliferation, National Nuclear Security Administration; and Kyle Haustveit, of Oklahoma, to be an Assistant Secretary of Energy (Fossil Energy); and William L. Doffermyre, of Texas, to be Solicitor of the Department of the Interior; and Katherine Sutton, of Illinois, to be an Assistant Secretary of Defense; and Michael Obadal, of Virginia, to be Under Secretary of the Army; and Sean O'Keefe, of Virginia, to be a Deputy Under Secretary of Defense; and Michael Cadenazzi, of Rhode Island, to be an Assistant Secretary of Defense; and Scott Pappano, of Pennsylvania, to be Principal Deputy Administrator, National Nuclear Security Administration; and Justin Overbaugh, of Florida, to be a Deputy Under Secretary of Defense; and Andrea Travnicek, of North Dakota, to be an Assistant Secretary of the Interior; and Theodore J. Garrish, of Maryland, to be an Assistant Secretary of Energy (Nuclear Energy); and Leslie Beyer, of Texas, to be an Assistant Secretary of the Interior; and Tristan Abbey, of Florida, to be Administrator of the Energy Information Administration; and Brandon Williams, of New York, to be Under Secretary for Nuclear Security; and Dario Gil, of New York, to be Under Secretary for Science, Department of Energy; and Jessica Kramer, of Wisconsin, to be an Assistant Administrator of the Environmental Protection Agency"
S524,Senate,PN2528,"Peter Lamelas, of Florida, to be Ambassador to the Argentine Republic; and Christine Toretti, of Pennsylvania, to be Ambassador to the Kingdom of Sweden; and Kimberly Guilfoyle, of Florida, to be Ambassador to Greece; and Callista Gingrich, of Florida, to be Ambassador to the Swiss Confederation, and to serve concurrently and without additional compensation as Ambassador to the Principality of Liechtenstein; and Bryan Switzer, of Virginia, to be a Deputy United States Trade Representative (Asia, Textiles, Investment, Services, and Intellectual Property), with the rank of Ambassador; and Katherine Scarlett, of Ohio, to be a Member of the Council on Environmental Quality; and Edward Aloysius O'Connell, of the District of Columbia, to be an Associate Judge of the Superior Court of the District of Columbia for the term of fifteen years; and Jason Evans, of Texas, to be an Under Secretary of State (Management); and Jonathan Morrison, of California, to be Administrator of the National Highway Traffic Safety Administration; and Paul Roberti, of Rhode Island, to be Administrator of the Pipeline and Hazardous Materials Safety Administration, Department of Transportation; and Richard Fordyce, of Missouri, to be Under Secretary of Agriculture for Farm Production and Conservation; and Jovan Jovanovic, of Pennsylvania, to be President of the Export-Import Bank of the United States for a term expiring January 20, 2029; and Benjamin DeMarzo, of Virginia, to be an Assistant Secretary of Housing and Urban Development; and Scott Hutchins, of Indiana, to be Under Secretary of Agriculture for Research, Education, and Economics; and Dudley Hoskins, of the District of Columbia, to be Under Secretary of Agriculture for Marketing and Regulatory Programs; and Jennifer Locetta, of Florida, to be Alternate Representative of the United States of America for Special Political Affairs in the United Nations, with the rank of Ambassador, and to serve concurrently and without additional compensation as an Alternate Representative of the United States of America to the Sessions of the General Assembly of the United Nations; and Jeffrey Bartos, of Pennsylvania, to be Representative of the United States of America to the United Nations for U.N. Management and Reform, with the Rank of Ambassador, and to serve concurrently and without additional compensation as an Alternate Representative of the United States of America to the Sessions of the General Assembly of the United Nations; and Peter Thomson, of Louisiana, to be Inspector General, Central Intelligence Agency; and George Wesley Street, of Virginia, to be Director of the National Counterintelligence and Security Center; and Brent Ingraham, of Virginia, to be an Assistant Secretary of the Army; and Jules Hurst III, of Virginia, to be an Assistant Secretary of the Army; and William Gillis, of Virginia, to be an Assistant Secretary of the Army; and Michael Dodd, of Indiana, to be an Assistant Secretary of Defense; and Daniel Aronowitz, of Virginia, to be an Assistant Secretary of Labor; and John Squires, of Florida, to be Under Secretary of Commerce for Intellectual Property and Director of the United States Patent and Trademark Office; and Donald Bergin III, of Virginia, to be an Assistant Secretary of Veterans Affairs (Congressional and Legislative Affairs); and Sean McMaster, of Virginia, to be Administrator of the Federal Highway Administration; and Robert Gleason, of Pennsylvania, to be Director of the Amtrak Board of Directors for a term of five years; and Jonathan Brightbill, of Virginia, to be General Counsel of the Department of Energy; and Tina Pierce, of Idaho, to be Chief Financial Officer, Department of Energy; and Conner Prochaska, of Texas, to be Director of the Advanced Research Projects Agency-Energy, Department of Energy; and Richard Anderson, of Virginia, to be an Assistant Secretary of the Air Force; and Matthew Napoli, of Virginia, to be Deputy Administrator for Defense Nuclear Nonproliferation, National Nuclear Security Administration; and Kyle Haustveit, of Oklahoma, to be an Assistant Secretary of Energy (Fossil Energy); and William L. Doffermyre, of Texas, to be Solicitor of the Department of the Interior; and Katherine Sutton, of Illinois, to be an Assistant Secretary of Defense; and Michael Obadal, of Virginia, to be Under Secretary of the Army; and Sean O'Keefe, of Virginia, to be a Deputy Under Secretary of Defense; and Michael Cadenazzi, of Rhode Island, to be an Assistant Secretary of Defense; and Scott Pappano, of Pennsylvania, to be Principal Deputy Administrator, National Nuclear Security Administration; and Justin Overbaugh, of Florida, to be a Deputy Under Secretary of Defense; and Andrea Travnicek, of North Dakota, to be an Assistant Secretary of the Interior; and Theodore J. Garrish, of Maryland, to be an Assistant Secretary of Energy (Nuclear Energy); and Leslie Beyer, of Texas, to be an Assistant Secretary of the Interior; and Tristan Abbey, of Florida, to be Administrator of the Energy Information Administration; and Brandon Williams, of New York, to be Under Secretary for Nuclear Security; and Jessica Kramer, of Wisconsin, to be an Assistant Administrator of the Environmental Protection Agency"
S525,Senate,PN5525,"Jessica Kramer, of Wisconsin, to be an Assistant Administrator of the Environmental Protection Agency; and Dario Gil, of New York, to be Under Secretary for Science, Department of Energy; and Brandon Williams, of New York, to be Under Secretary for Nuclear Security; and Tristan Abbey, of Florida, to be Administrator of the Energy Information Administration; and Leslie Beyer, of Texas, to be an Assistant Secretary of the Interior; and Theodore J. Garrish, of Maryland, to be an Assistant Secretary of Energy (Nuclear Energy); and Andrea Travnicek, of North Dakota, to be an Assistant Secretary of the Interior; and Justin Overbaugh, of Florida, to be a Deputy Under Secretary of Defense; and Scott Pappano, of Pennsylvania, to be Principal Deputy Administrator, National Nuclear Security Administration; and Michael Cadenazzi, of Rhode Island, to be an Assistant Secretary of Defense; and Sean O'Keefe, of Virginia, to be a Deputy Under Secretary of Defense; and Michael Obadal, of Virginia, to be Under Secretary of the Army; and Katherine Sutton, of Illinois, to be an Assistant Secretary of Defense; and William L. Doffermyre, of Texas, to be Solicitor of the Department of the Interior; and Kyle Haustveit, of Oklahoma, to be an Assistant Secretary of Energy (Fossil Energy); and Matthew Napoli, of Virginia, to be Deputy Administrator for Defense Nuclear Nonproliferation, National Nuclear Security Administration; and Richard Anderson, of Virginia, to be an Assistant Secretary of the Air Force; and Conner Prochaska, of Texas, to be Director of the Advanced Research Projects Agency-Energy, Department of Energy; and Tina Pierce, of Idaho, to be Chief Financial Officer, Department of Energy; and Jonathan Brightbill, of Virginia, to be General Counsel of the Department of Energy; and Robert Gleason, of Pennsylvania, to be Director of the Amtrak Board of Directors for a term of five years; and Sean McMaster, of Virginia, to be Administrator of the Federal Highway Administration; and Donald Bergin III, of Virginia, to be an Assistant Secretary of Veterans Affairs (Congressional and Legislative Affairs); and John Squires, of Florida, to be Under Secretary of Commerce for Intellectual Property and Director of the United States Patent and Trademark Office; and Daniel Aronowitz, of Virginia, to be an Assistant Secretary of Labor; and Michael Dodd, of Indiana, to be an Assistant Secretary of Defense; and William Gillis, of Virginia, to be an Assistant Secretary of the Army; and Jules Hurst III, of Virginia, to be an Assistant Secretary of the Army; and Brent Ingraham, of Virginia, to be an Assistant Secretary of the Army; and George Wesley Street, of Virginia, to be Director of the National Counterintelligence and Security Center; and Peter Thomson, of Louisiana, to be Inspector General, Central Intelligence Agency; and Jeffrey Bartos, of Pennsylvania, to be Representative of the United States of America to the United Nations for U.N. Management and Reform, with the Rank of Ambassador, and to serve concurrently and without additional compensation as an Alternate Representative of the United States of America to the Sessions of the General Assembly of the United Nations; and Jennifer Locetta, of Florida, to be Alternate Representative of the United States of America for Special Political Affairs in the United Nations, with the rank of Ambassador, and to serve concurrently and without additional compensation as an Alternate Representative of the United States of America to the Sessions of the General Assembly of the United Nations; and Dudley Hoskins, of the District of Columbia, to be Under Secretary of Agriculture for Marketing and Regulatory Programs; and Scott Hutchins, of Indiana, to be Under Secretary of Agriculture for Research, Education, and Economics; and Benjamin DeMarzo, of Virginia, to be an Assistant Secretary of Housing and Urban Development; and Jovan Jovanovic, of Pennsylvania, to be President of the Export-Import Bank of the United States for a term expiring January 20, 2029; and Richard Fordyce, of Missouri, to be Under Secretary of Agriculture for Farm Production and Conservation; and Paul Roberti, of Rhode Island, to be Administrator of the Pipeline and Hazardous Materials Safety Administration, Department of Transportation; and Jonathan Morrison, of California, to be Administrator of the National Highway Traffic Safety Administration; and Jason Evans, of Texas, to be an Under Secretary of State (Management); and Edward Aloysius O'Connell, of the District of Columbia, to be an Associate Judge of the Superior Court of the District of Columbia for the term of fifteen years; and Katherine Scarlett, of Ohio, to be a Member of the Council on Environmental Quality; and Bryan Switzer, of Virginia, to be a Deputy United States Trade Representative (Asia, Textiles, Investment, Services, and Intellectual Property), with the rank of Ambassador; and Callista Gingrich, of Florida, to be Ambassador to the Swiss Confederation, and to serve concurrently and without additional compensation as Ambassador to the Principality of Liechtenstein; and Kimberly Guilfoyle, of Florida, to be Ambassador to Greece; and Christine Toretti, of Pennsylvania, to be Ambassador to the Kingdom of Sweden; and Peter Lamelas, of Florida, to be Ambassador to the Argentine Republic"
S526,Senate,PN2528,"Peter Lamelas, of Florida, to be Ambassador to the Argentine Republic; and Christine Toretti, of Pennsylvania, to be Ambassador to the Kingdom of Sweden; and Kimberly Guilfoyle, of Florida, to be Ambassador to Greece; and Callista Gingrich, of Florida, to be Ambassador to the Swiss Confederation, and to serve concurrently and without additional compensation as Ambassador to the Principality of Liechtenstein; and Bryan Switzer, of Virginia, to be a Deputy United States Trade Representative (Asia, Textiles, Investment, Services, and Intellectual Property), with the rank of Ambassador; and Katherine Scarlett, of Ohio, to be a Member of the Council on Environmental Quality; and Edward Aloysius O'Connell, of the District of Columbia, to be an Associate Judge of the Superior Court of the District of Columbia for the term of fifteen years; and Jason Evans, of Texas, to be an Under Secretary of State (Management); and Jonathan Morrison, of California, to be Administrator of the National Highway Traffic Safety Administration; and Paul Roberti, of Rhode Island, to be Administrator of the Pipeline and Hazardous Materials Safety Administration, Department of Transportation; and Richard Fordyce, of Missouri, to be Under Secretary of Agriculture for Farm Production and Conservation; and Jovan Jovanovic, of Pennsylvania, to be President of the Export-Import Bank of the United States for a term expiring January 20, 2029; and Benjamin DeMarzo, of Virginia, to be an Assistant Secretary of Housing and Urban Development; and Scott Hutchins, of Indiana, to be Under Secretary of Agriculture for Research, Education, and Economics; and Dudley Hoskins, of the District of Columbia, to be Under Secretary of Agriculture for Marketing and Regulatory Programs; and Jennifer Locetta, of Florida, to be Alternate Representative of the United States of America for Special Political Affairs in the United Nations, with the rank of Ambassador, and to serve concurrently and without additional compensation as an Alternate Representative of the United States of America to the Sessions of the General Assembly of the United Nations; and Jeffrey Bartos, of Pennsylvania, to be Representative of the United States of America to the United Nations for U.N. Management and Reform, with the Rank of Ambassador, and to serve concurrently and without additional compensation as an Alternate Representative of the United States of America to the Sessions of the General Assembly of the United Nations; and Peter Thomson, of Louisiana, to be Inspector General, Central Intelligence Agency; and George Wesley Street, of Virginia, to be Director of the National Counterintelligence and Security Center; and Brent Ingraham, of Virginia, to be an Assistant Secretary of the Army; and Jules Hurst III, of Virginia, to be an Assistant Secretary of the Army; and William Gillis, of Virginia, to be an Assistant Secretary of the Army; and Michael Dodd, of Indiana, to be an Assistant Secretary of Defense; and Daniel Aronowitz, of Virginia, to be an Assistant Secretary of Labor; and John Squires, of Florida, to be Under Secretary of Commerce for Intellectual Property and Director of the United States Patent and Trademark Office; and Donald Bergin III, of Virginia, to be an Assistant Secretary of Veterans Affairs (Congressional and Legislative Affairs); and Sean McMaster, of Virginia, to be Administrator of the Federal Highway Administration; and Robert Gleason, of Pennsylvania, to be Director of the Amtrak Board of Directors for a term of five years; and Jonathan Brightbill, of Virginia, to be General Counsel of the Department of Energy; and Tina Pierce, of Idaho, to be Chief Financial Officer, Department of Energy; and Conner Prochaska, of Texas, to be Director of the Advanced Research Projects Agency-Energy, Department of Energy; and Richard Anderson, of Virginia, to be an Assistant Secretary of the Air Force; and Matthew Napoli, of Virginia, to be Deputy Administrator for Defense Nuclear Nonproliferation, National Nuclear Security Administration; and Kyle Haustveit, of Oklahoma, to be an Assistant Secretary of Energy (Fossil Energy); and William L. Doffermyre, of Texas, to be Solicitor of the Department of the Interior; and Katherine Sutton, of Illinois, to be an Assistant Secretary of Defense; and Michael Obadal, of Virginia, to be Under Secretary of the Army; and Sean O'Keefe, of Virginia, to be a Deputy Under Secretary of Defense; and Michael Cadenazzi, of Rhode Island, to be an Assistant Secretary of Defense; and Scott Pappano, of Pennsylvania, to be Principal Deputy Administrator, National Nuclear Security Administration; and Justin Overbaugh, of Florida, to be a Deputy Under Secretary of Defense; and Andrea Travnicek, of North Dakota, to be an Assistant Secretary of the Interior; and Theodore J. Garrish, of Maryland, to be an Assistant Secretary of Energy (Nuclear Energy); and Leslie Beyer, of Texas, to be an Assistant Secretary of the Interior; and Tristan Abbey, of Florida, to be Administrator of the Energy Information Administration; and Brandon Williams, of New York, to be Under Secretary for Nuclear Security; and Dario Gil, of New York, to be Under Secretary for Science, Department of Energy; and Jessica Kramer, of Wisconsin, to be an Assistant Administrator of the Environmental Protection Agency"
S527,Senate,S2882,"A bill making continuing appropriations for the fiscal year ending September 30, 2026, and for other purposes."
S528,Senate,HR5371,"A bill making continuing appropriations and extensions for fiscal year 2026, and for other purposes."
S529,Senate,PN343,"Michael G. Waltz, of Florida, to be the Representative of the United States of America to the United Nations, with the Rank of Ambassador, and the Representative of the United States of America in the Security Council of the United Nations"
S530,Senate,PN343,"Michael G. Waltz, of Florida, to be the Representative of the United States of America to the United Nations, with the Rank of Ambassador, and the Representative of the United States of America in the Security Council of the United Nations"
S531,Senate,PN342,"Michael G. Waltz, of Florida, to be Representative of the United States of America to the Sessions of the General Assembly of the United Nations during his tenure of service as Representative of the United States of America to the United Nations"
S532,Senate,PN342,"Michael G. Waltz, of Florida, to be Representative of the United States of America to the Sessions of the General Assembly of the United Nations during his tenure of service as Representative of the United States of America to the United Nations"
S533,Senate,S2806,A bill to provide for automatic continuing appropriations.
S534,Senate,S2882,"A bill making continuing appropriations for the fiscal year ending September 30, 2026, and for other purposes."
S535,Senate,HR5371,"A bill making continuing appropriations and extensions for fiscal year 2026, and for other purposes."
S536,Senate,S2882,"A bill making continuing appropriations for the fiscal year ending September 30, 2026, and for other purposes."
S537,Senate,HR5371,"A bill making continuing appropriations and extensions for fiscal year 2026, and for other purposes."
S538,Senate,PN2610,"Hung Cao, of Virginia, to be Under Secretary of the Navy"
S539,Senate,PN2610,"Hung Cao, of Virginia, to be Under Secretary of the Navy"
S540,Senate,SRES412,An executive resolution authorizing the en bloc consideration in Executive Session of certain nominations on the Executive Calendar.
S541,Senate,SRES412,An executive resolution authorizing the en bloc consideration in Executive Session of certain nominations on the Executive Calendar.
S542,Senate,S2882,"A bill making continuing appropriations for the fiscal year ending September 30, 2026, and for other purposes."
S543,Senate,HR5371,"A bill making continuing appropriations and extensions for fiscal year 2026, and for other purposes."
S544,Senate,S2882,"A bill making continuing appropriations for the fiscal year ending September 30, 2026, and for other purposes."
S545,Senate,HR5371,"A bill making continuing appropriations and extensions for fiscal year 2026, and for other purposes."
S546,Senate,PN18,"Neil Jacobs, of North Carolina, to be Under Secretary of Commerce for Oceans and Atmosphere; and Todd Wilcox, of Florida, to be an Assistant Secretary of State (Diplomatic Security); and Riley Barnes, of Texas, to be Assistant Secretary of State for Democracy, Human Rights, and Labor; and Michael DeSombre, of Illinois, to be an Assistant Secretary of State (East Asian and Pacific Affairs); and Sarah Rogers, of New York, to be Under Secretary of State for Public Diplomacy; and Paul Kapur, of California, to be Assistant Secretary of State for South Asian Affairs; and Thomas DiNanno, of Florida, to be Under Secretary of State for Arms Control and International Security; and Benjamin Black, of New York, to be Chief Executive Officer of the United States International Development Finance Corporation; and Jacob Helberg, of Florida, to be an Under Secretary of State (Economic Growth, Energy, and the Environment); and James Holtsnider, of Iowa, to be Ambassador to the Hashemite Kingdom of Jordan; and Stephanie Hallett, of Florida, to be Ambassador to the Kingdom of Bahrain; and Sergio Gor, of Florida, to be Ambassador to the Republic of India; and Dan Negrea, of Connecticut, to be Representative of the United States of America on the Economic and Social Council of the United Nations, with the rank of Ambassador, and to serve concurrently and without additional compensation as an Alternate Representative of the United States of America to the Sessions of the General Assembly of the United Nations; and Julie Stufft, of Ohio, to be Ambassador to the Republic of Kazakhstan; and Sean O'Neill, of Virginia, to be Ambassador to the Kingdom of Thailand; and Anjani Sinha, of Florida, to be Ambassador to the Republic of Singapore; and John Giordano, of Pennsylvania, to be Ambassador to the Republic of Namibia; and William White, of New York, to be Ambassador to the Kingdom of Belgium; and Thomas Rose, of Florida, to be Ambassador to the Republic of Poland; and Roman Pipko, of Florida, to be Ambassador to the Republic of Estonia; and Nicholas Merrick, of Texas, to be Ambassador to the Czech Republic; and Michel Issa, of Florida, to be Ambassador to the Lebanese Republic; and Melinda Hildebrand, of Texas, to be Ambassador to the Republic of Costa Rica; and Arthur Fisher, of North Carolina, to be Ambassador to the Republic of Austria; and Howard Brodie, of Florida, to be Ambassador to the Republic of Finland; and Lynda Blanchard, of Alabama, to be U.S. Representative to the United Nations Agencies for Food and Agriculture, with the rank of Ambassador; and Bill Bazzi, of Michigan, to be Ambassador to the Republic of Tunisia; and Richard Buchan III, of Florida, to be Ambassador to the Kingdom of Morocco; and Kenneth Howery, of Texas, to be Ambassador to the Kingdom of Denmark; and Stacey Feinberg, of California, to be Ambassador to the Grand Duchy of Luxembourg; and Herschel Walker, of Georgia, to be Ambassador to the Commonwealth of The Bahamas; and Leandro Rizzuto, of Florida, to be Permanent Representative of the United States of America to the Organization of American States, with the rank of Ambassador; and Nicole McGraw, of Florida, to be Ambassador to the Republic of Croatia; and Somers Farkas, of New York, to be Ambassador to the Republic of Malta; and Daniel Rosen, of Florida, to be United States Attorney for the District of Minnesota for the term of four years; and David Charles Waterman, of Iowa, to be United States Attorney for the Southern District of Iowa for the term of four years; and Kurt Wall, of Louisiana, to be United States Attorney for the Middle District of Louisiana for the term of four years; and Ronald A. Parsons, Jr., of South Dakota, to be United States Attorney for the District of South Dakota for the term of four years; and Lesley Murphy, of Nebraska, to be United States Attorney for the District of Nebraska for the term of four years; and David Metcalf, of Pennsylvania, to be United States Attorney for the Eastern District of Pennsylvania for the term of four years; and Bart McKay Davis, of Idaho, to be United States Attorney for the District of Idaho for the term of four years; and Nicholas Chase, of North Dakota, to be United States Attorney for the District of North Dakota for the term of four years; and Kurt Alme, of Montana, to be United States Attorney for the District of Montana, for the term of four years; and David Toepfer, of Ohio, to be United States Attorney for the Northern District of Ohio for the term of four years; and Adam Sleeper, of the Virgin Islands, to be United States Attorney for the District of the Virgin Islands for the term of four years; and Leif Olson, of Iowa, to be United States Attorney for the Northern District of Iowa for the term of four years; and John Heekin, of Florida, to be United States Attorney for the Northern District of Florida for the term of four years; and Matthew Harvey, of West Virginia, to be United States Attorney for the Northern District of West Virginia for the term of four years; and David Dunavant, of Tennessee, to be United States Attorney for the Western District of Tennessee for the term of four years; and Arch Capito, of West Virginia, to be United States Attorney for the Southern District of West Virginia for the term of four years; and David LaCerte, of Louisiana, to be a Member of the Federal Energy Regulatory Commission for the remainder of the term expiring June 30, 2026; and Laura Swett, of Virginia, to be a Member of the Federal Energy Regulatory Commission for a term expiring June 30, 2030; and William Kirkland, of Georgia, to be an Assistant Secretary of the Interior; and Michael Stuart, of West Virginia, to be General Counsel of the Department of Health and Human Services; and Gustav Chiarello III, of Virginia, to be an Assistant Secretary of Health and Human Services; and Timothy John Walsh, of Colorado, to be an Assistant Secretary of Energy (Environmental Management); and Philip Weinberg, of Virginia, to be an Assistant Secretary of the Air Force; and Macon Hughes, of Texas, to be an Assistant Secretary of Defense; and Jonathan McKernan, of Tennessee, to be an Under Secretary of the Treasury; and Alex Adams, of Idaho, to be Assistant Secretary for Family Support, Department of Health and Human Services; and Christopher Fox, of Virginia, to be Inspector General of the Intelligence Community, Office of the Director of National Intelligence; and Gregory Zerzan, of Texas, to be General Counsel of the Department of Transportation; and Michael Rutherford, of Florida, to be an Assistant Secretary of Transportation; and Derek Barrs, of Florida, to be Administrator of the Federal Motor Carrier Safety Administration; and Taylor Jordan, of the District of Columbia, to be an Assistant Secretary of Commerce; and Lanny Erdos, of Ohio, to be Director of the Office of Surface Mining Reclamation and Enforcement; and Audrey Robertson, of Colorado, to be an Assistant Secretary of Energy (Energy Efficiency and Renewable Energy); and Michael Boren, of Idaho, to be Under Secretary of Agriculture for Natural Resources and Environment; and Brittany Panuccio, of Florida, to be a Member of the Equal Employment Opportunity Commission for a term expiring July 1, 2029; and David Barker, of Iowa, to be Assistant Secretary for Postsecondary Education, Department of Education; and David Brian Castillo, of Washington, to be Chief Financial Officer, Department of Labor; and Jonathan Snare, of Virginia, to be a Member of the Occupational Safety and Health Review Commission for a term expiring April 27, 2029; and Brian Christine, of Alabama, to be an Assistant Secretary of Health and Human Services; and Mary Riley, of the District of Columbia, to be Assistant Secretary for Legislation and Congressional Affairs, Department of Education; and David Peters, of Virginia, to be an Assistant Secretary of Commerce; and Francis Brooke, of Virginia, to be an Assistant Secretary of the Treasury; and Craig Trainor, of Virginia, to be an Assistant Secretary of Housing and Urban Development; and Brian Morrissey, Jr., of Virginia, to be General Counsel for the Department of the Treasury; and Joseph Barloon, of Maryland, to be a Deputy United States Trade Representative (Geneva Office), with the rank of Ambassador; and John Dever, of Illinois, to be General Counsel of the Office of the Director of National Intelligence; and Usha-Maria Turner, of Oklahoma, to be an Assistant Administrator of the Environmental Protection Agency; and Kevin Rhodes, of Florida, to be Administrator for Federal Procurement Policy; and James Woodruff II, of Florida, to be a Member of the Merit Systems Protection Board for the term of seven years expiring March 1, 2032; and Marc Andersen, of Virginia, to be an Assistant Secretary of the Army; and Andrew Rogers, of Virginia, to be Administrator of the Wage and Hour Division, Department of Labor; and Jonathan Berry, of Maryland, to be Solicitor for the Department of Labor; and Kimberly Richey, of Texas, to be Assistant Secretary for Civil Rights, Department of Education; and David Keeling, of Kentucky, to be an Assistant Secretary of Labor; and Janet Dhillon, of Virginia, to be Director of the Pension Benefit Guaranty Corporation for a term of five years; and Stanley Woodward, Jr., of the District of Columbia, to be Associate Attorney General; and John Busterud, of California, to be Assistant Administrator, Office of Solid Waste, Environmental Protection Agency; and Marco Rajkovich, Jr., of Virginia, to be a Member of the Federal Mine Safety and Health Review Commission for a term of six years expiring August 30, 2030; and Julie Hocker, of Virginia, to be an Assistant Secretary of Labor; and Wayne Palmer, of Virginia, to be Assistant Secretary of Labor for Mine Safety and Health; and Kirsten Baesler, of North Dakota, to be Assistant Secretary for Elementary and Secondary Education, Department of Education; and Devon Westhill, of Florida, to be an Assistant Secretary of Agriculture; and David Fogel, of Connecticut, to be Assistant Secretary of Commerce and Director General of the United States and Foreign Commercial Service; and Pierre Gentin, of New York, to be General Counsel of the Department of Commerce; and David Fink, of New Hampshire, to be Administrator of the Federal Railroad Administration; and Ned Mamula, of Pennsylvania, to be Director of the United States Geological Survey; and Catherine Jereza, of Maryland, to be an Assistant Secretary of Energy (Electricity); and Joseph Popolo, of Texas, to be Ambassador to the Kingdom of the Netherlands; and Brandon Judd, of Idaho, to be Ambassador to the Republic of Chile; and Leah Campos, of Virginia, to be Ambassador to the Dominican Republic; and Patrick David Davis, of Maryland, to be an Assistant Attorney General; and James Baehr, of Louisiana, to be General Counsel, Department of Veterans Affairs; and Paul Atkins, of Virginia, to be a Member of the Securities and Exchange Commission for a term expiring June 5, 2031"
S547,Senate,PN229,"Paul Atkins, of Virginia, to be a Member of the Securities and Exchange Commission for a term expiring June 5, 2031; and James Baehr, of Louisiana, to be General Counsel, Department of Veterans Affairs; and Patrick David Davis, of Maryland, to be an Assistant Attorney General; and Leah Campos, of Virginia, to be Ambassador to the Dominican Republic; and Brandon Judd, of Idaho, to be Ambassador to the Republic of Chile; and Joseph Popolo, of Texas, to be Ambassador to the Kingdom of the Netherlands; and Catherine Jereza, of Maryland, to be an Assistant Secretary of Energy (Electricity); and Ned Mamula, of Pennsylvania, to be Director of the United States Geological Survey; and David Fink, of New Hampshire, to be Administrator of the Federal Railroad Administration; and Pierre Gentin, of New York, to be General Counsel of the Department of Commerce; and David Fogel, of Connecticut, to be Assistant Secretary of Commerce and Director General of the United States and Foreign Commercial Service; and Devon Westhill, of Florida, to be an Assistant Secretary of Agriculture; and Kirsten Baesler, of North Dakota, to be Assistant Secretary for Elementary and Secondary Education, Department of Education; and Wayne Palmer, of Virginia, to be Assistant Secretary of Labor for Mine Safety and Health; and Julie Hocker, of Virginia, to be an Assistant Secretary of Labor; and Marco Rajkovich, Jr., of Virginia, to be a Member of the Federal Mine Safety and Health Review Commission for a term of six years expiring August 30, 2030; and John Busterud, of California, to be Assistant Administrator, Office of Solid Waste, Environmental Protection Agency; and Stanley Woodward, Jr., of the District of Columbia, to be Associate Attorney General; and Janet Dhillon, of Virginia, to be Director of the Pension Benefit Guaranty Corporation for a term of five years; and David Keeling, of Kentucky, to be an Assistant Secretary of Labor; and Kimberly Richey, of Texas, to be Assistant Secretary for Civil Rights, Department of Education; and Jonathan Berry, of Maryland, to be Solicitor for the Department of Labor; and Andrew Rogers, of Virginia, to be Administrator of the Wage and Hour Division, Department of Labor; and Marc Andersen, of Virginia, to be an Assistant Secretary of the Army; and James Woodruff II, of Florida, to be a Member of the Merit Systems Protection Board for the term of seven years expiring March 1, 2032; and Kevin Rhodes, of Florida, to be Administrator for Federal Procurement Policy; and Usha-Maria Turner, of Oklahoma, to be an Assistant Administrator of the Environmental Protection Agency; and John Dever, of Illinois, to be General Counsel of the Office of the Director of National Intelligence; and Joseph Barloon, of Maryland, to be a Deputy United States Trade Representative (Geneva Office), with the rank of Ambassador; and Brian Morrissey, Jr., of Virginia, to be General Counsel for the Department of the Treasury; and Craig Trainor, of Virginia, to be an Assistant Secretary of Housing and Urban Development; and Francis Brooke, of Virginia, to be an Assistant Secretary of the Treasury; and David Peters, of Virginia, to be an Assistant Secretary of Commerce; and Mary Riley, of the District of Columbia, to be Assistant Secretary for Legislation and Congressional Affairs, Department of Education; and Brian Christine, of Alabama, to be an Assistant Secretary of Health and Human Services; and Jonathan Snare, of Virginia, to be a Member of the Occupational Safety and Health Review Commission for a term expiring April 27, 2029; and David Brian Castillo, of Washington, to be Chief Financial Officer, Department of Labor; and David Barker, of Iowa, to be Assistant Secretary for Postsecondary Education, Department of Education; and Brittany Panuccio, of Florida, to be a Member of the Equal Employment Opportunity Commission for a term expiring July 1, 2029; and Michael Boren, of Idaho, to be Under Secretary of Agriculture for Natural Resources and Environment; and Audrey Robertson, of Colorado, to be an Assistant Secretary of Energy (Energy Efficiency and Renewable Energy); and Lanny Erdos, of Ohio, to be Director of the Office of Surface Mining Reclamation and Enforcement; and Taylor Jordan, of the District of Columbia, to be an Assistant Secretary of Commerce; and Derek Barrs, of Florida, to be Administrator of the Federal Motor Carrier Safety Administration; and Michael Rutherford, of Florida, to be an Assistant Secretary of Transportation; and Gregory Zerzan, of Texas, to be General Counsel of the Department of Transportation; and Christopher Fox, of Virginia, to be Inspector General of the Intelligence Community, Office of the Director of National Intelligence; and Alex Adams, of Idaho, to be Assistant Secretary for Family Support, Department of Health and Human Services; and Jonathan McKernan, of Tennessee, to be an Under Secretary of the Treasury; and Macon Hughes, of Texas, to be an Assistant Secretary of Defense; and Philip Weinberg, of Virginia, to be an Assistant Secretary of the Air Force; and Timothy John Walsh, of Colorado, to be an Assistant Secretary of Energy (Environmental Management); and Gustav Chiarello III, of Virginia, to be an Assistant Secretary of Health and Human Services; and Michael Stuart, of West Virginia, to be General Counsel of the Department of Health and Human Services; and William Kirkland, of Georgia, to be an Assistant Secretary of the Interior; and Laura Swett, of Virginia, to be a Member of the Federal Energy Regulatory Commission for a term expiring June 30, 2030; and David LaCerte, of Louisiana, to be a Member of the Federal Energy Regulatory Commission for the remainder of the term expiring June 30, 2026; and Arch Capito, of West Virginia, to be United States Attorney for the Southern District of West Virginia for the term of four years; and David Dunavant, of Tennessee, to be United States Attorney for the Western District of Tennessee for the term of four years; and Matthew Harvey, of West Virginia, to be United States Attorney for the Northern District of West Virginia for the term of four years; and John Heekin, of Florida, to be United States Attorney for the Northern District of Florida for the term of four years; and Leif Olson, of Iowa, to be United States Attorney for the Northern District of Iowa for the term of four years; and Adam Sleeper, of the Virgin Islands, to be United States Attorney for the District of the Virgin Islands for the term of four years; and David Toepfer, of Ohio, to be United States Attorney for the Northern District of Ohio for the term of four years; and Kurt Alme, of Montana, to be United States Attorney for the District of Montana, for the term of four years; and Nicholas Chase, of North Dakota, to be United States Attorney for the District of North Dakota for the term of four years; and Bart McKay Davis, of Idaho, to be United States Attorney for the District of Idaho for the term of four years; and David Metcalf, of Pennsylvania, to be United States Attorney for the Eastern District of Pennsylvania for the term of four years; and Lesley Murphy, of Nebraska, to be United States Attorney for the District of Nebraska for the term of four years; and Ronald A. Parsons, Jr., of South Dakota, to be United States Attorney for the District of South Dakota for the term of four years; and Kurt Wall, of Louisiana, to be United States Attorney for the Middle District of Louisiana for the term of four years; and David Charles Waterman, of Iowa, to be United States Attorney for the Southern District of Iowa for the term of four years; and Daniel Rosen, of Florida, to be United States Attorney for the District of Minnesota for the term of four years; and Somers Farkas, of New York, to be Ambassador to the Republic of Malta; and Nicole McGraw, of Florida, to be Ambassador to the Republic of Croatia; and Leandro Rizzuto, of Florida, to be Permanent Representative of the United States of America to the Organization of American States, with the rank of Ambassador; and Herschel Walker, of Georgia, to be Ambassador to the Commonwealth of The Bahamas; and Stacey Feinberg, of California, to be Ambassador to the Grand Duchy of Luxembourg; and Kenneth Howery, of Texas, to be Ambassador to the Kingdom of Denmark; and Richard Buchan III, of Florida, to be Ambassador to the Kingdom of Morocco; and Bill Bazzi, of Michigan, to be Ambassador to the Republic of Tunisia; and Lynda Blanchard, of Alabama, to be U.S. Representative to the United Nations Agencies for Food and Agriculture, with the rank of Ambassador; and Howard Brodie, of Florida, to be Ambassador to the Republic of Finland; and Arthur Fisher, of North Carolina, to be Ambassador to the Republic of Austria; and Melinda Hildebrand, of Texas, to be Ambassador to the Republic of Costa Rica; and Michel Issa, of Florida, to be Ambassador to the Lebanese Republic; and Nicholas Merrick, of Texas, to be Ambassador to the Czech Republic; and Roman Pipko, of Florida, to be Ambassador to the Republic of Estonia; and Thomas Rose, of Florida, to be Ambassador to the Republic of Poland; and William White, of New York, to be Ambassador to the Kingdom of Belgium; and John Giordano, of Pennsylvania, to be Ambassador to the Republic of Namibia; and Anjani Sinha, of Florida, to be Ambassador to the Republic of Singapore; and Sean O'Neill, of Virginia, to be Ambassador to the Kingdom of Thailand; and Julie Stufft, of Ohio, to be Ambassador to the Republic of Kazakhstan; and Dan Negrea, of Connecticut, to be Representative of the United States of America on the Economic and Social Council of the United Nations, with the rank of Ambassador, and to serve concurrently and without additional compensation as an Alternate Representative of the United States of America to the Sessions of the General Assembly of the United Nations; and Sergio Gor, of Florida, to be Ambassador to the Republic of India; and Stephanie Hallett, of Florida, to be Ambassador to the Kingdom of Bahrain; and James Holtsnider, of Iowa, to be Ambassador to the Hashemite Kingdom of Jordan; and Jacob Helberg, of Florida, to be an Under Secretary of State (Economic Growth, Energy, and the Environment); and Benjamin Black, of New York, to be Chief Executive Officer of the United States International Development Finance Corporation; and Thomas DiNanno, of Florida, to be Under Secretary of State for Arms Control and International Security; and Paul Kapur, of California, to be Assistant Secretary of State for South Asian Affairs; and Sarah Rogers, of New York, to be Under Secretary of State for Public Diplomacy; and Michael DeSombre, of Illinois, to be an Assistant Secretary of State (East Asian and Pacific Affairs); and Riley Barnes, of Texas, to be Assistant Secretary of State for Democracy, Human Rights, and Labor; and Todd Wilcox, of Florida, to be an Assistant Secretary of State (Diplomatic Security); and Neil Jacobs, of North Carolina, to be Under Secretary of Commerce for Oceans and Atmosphere"
S548,Senate,HJRES104,"A joint resolution providing for congressional disapproval under chapter 8 of title 5, United States Code, of the rule submitted by the Bureau of Land Management relating to ""Miles City Field Office Record of Decision and Approved Resource Management Plan Amendment""."
S549,Senate,HJRES104,"A joint resolution providing for congressional disapproval under chapter 8 of title 5, United States Code, of the rule submitted by the Bureau of Land Management relating to ""Miles City Field Office Record of Decision and Approved Resource Management Plan Amendment""."
S550,Senate,S2882,"A bill making continuing appropriations for the fiscal year ending September 30, 2026, and for other purposes."
S551,Senate,HR5371,"A bill making continuing appropriations and extensions for fiscal year 2026, and for other purposes."
S552,Senate,PN4664,"Jennifer Lee Mascott, of Delaware, to be United States Circuit Judge for the Third Circuit"
S553,Senate,HJRES105,"A joint resolution providing for congressional disapproval under chapter 8 of title 5, United States Code, of the rule submitted by the Bureau of Land Management relating to ""North Dakota Field Office Record of Decision and Approved Resource Management Plan""."
S554,Senate,SJRES71,A joint resolution terminating the national emergency declared with respect to energy.
S555,Senate,SJRES83,A joint resolution to direct the removal of United States Armed Forces from hostilities that have not been authorized by Congress.
S556,Senate,HJRES105,"A joint resolution providing for congressional disapproval under chapter 8 of title 5, United States Code, of the rule submitted by the Bureau of Land Management relating to ""North Dakota Field Office Record of Decision and Approved Resource Management Plan""."
S557,Senate,S2882,"A bill making continuing appropriations for the fiscal year ending September 30, 2026, and for other purposes."
S558,Senate,HR5371,"A bill making continuing appropriations and extensions for fiscal year 2026, and for other purposes."
S559,Senate,HJRES106,"A joint resolution providing for congressional disapproval under chapter 8 of title 5, United States Code, of the rule submitted by the Bureau of Land Management relating to ""Central Yukon Record of Decision and Approved Resource Management Plan""."
S560,Senate,HJRES106,"A joint resolution providing for congressional disapproval under chapter 8 of title 5, United States Code, of the rule submitted by the Bureau of Land Management relating to ""Central Yukon Record of Decision and Approved Resource Management Plan""."
S561,Senate,PN4664,"Jennifer Lee Mascott, of Delaware, to be United States Circuit Judge for the Third Circuit"
S562,Senate,S2296,To prohibit earnings on balances maintained at a Federal Reserve bank by or on behalf of a depository institution.
S563,Senate,S2296,To require Presidential appointment and Senate confirmation of the Inspector General of the Board of Governors of the Federal Reserve System and the Bureau of Consumer Financial Protection.
S564,Senate,S2296,To require a review of the methodologies used to determine the amounts of locality-based comparability payments and to require the President's Pay Agent to conduct a pilot program establishing alternative models for determining the amounts of those payments.
S565,Senate,S2296,To prohibit the use of funds to procure or modify foreign aircraft for presidential airlift.
S566,Senate,S2296,"To amend title 32, United States Code, to clarify certain limitations on full-time National Guard duty performed in a State, Territory, or the District of Columbia."
S567,Senate,S2296,To limit the provision of support by the Armed Forces to civilian law enforcement activities.
S568,Senate,S2296,To reduce the bloated Pentagon budget by 10 percent and instead expand veteran dental care at the Department of Veterans Affairs.
S569,Senate,S2296,"To limit the use of Federal law enforcement officers for crowd control, and for other purposes."
S570,Senate,S2296,"An original bill to authorize appropriations for fiscal year 2026 for military activities of the Department of Defense, for military construction, and for defense activities of the Department of Energy, to prescribe military personnel strengths for such fiscal year, and for other purposes."
S571,Senate,HR5371,"A bill making continuing appropriations and extensions for fiscal year 2026, and for other purposes."
S572,Senate,HR5371,"A bill making continuing appropriations and extensions for fiscal year 2026, and for other purposes."
S573,Senate,HR5371,"A bill making continuing appropriations and extensions for fiscal year 2026, and for other purposes."
S574,Senate,PN4666,"Harold D. Mooty III, of Alabama, to be United States District Judge for the Northern District of Alabama"
S575,Senate,HR4016,"A bill making appropriations for the Department of Defense for the fiscal year ending September 30, 2026, and for other purposes."
S576,Senate,HR5371,"A bill making continuing appropriations and extensions for fiscal year 2026, and for other purposes."
S577,Senate,PN4666,"Harold D. Mooty III, of Alabama, to be United States District Judge for the Northern District of Alabama"
S578,Senate,PN3465,"Anne-Leigh Gaylord Moe, of Florida, to be United States District Judge for the Middle District of Florida"
S579,Senate,PN4002,"William W. Mercer, of Montana, to be United States District Judge for the District of Montana"
S580,Senate,PN3465,"Anne-Leigh Gaylord Moe, of Florida, to be United States District Judge for the Middle District of Florida"
S581,Senate,HR5371,"A bill making continuing appropriations and extensions for fiscal year 2026, and for other purposes."
S582,Senate,PN4663,"Bill Lewis, of Alabama, to be United States District Judge for the Middle District of Alabama"
S583,Senate,PN368,"Stephen Chad Meredith, of Kentucky, to be United States District Judge for the Eastern District of Kentucky"
S584,Senate,PN4002,"William W. Mercer, of Montana, to be United States District Judge for the District of Montana"
S585,Senate,S3012,"A bill to appropriate funds for pay and allowances of excepted Federal employees for periods of work performed during a lapse in appropriations, and for other purposes."
S586,Senate,PN368,"Stephen Chad Meredith, of Kentucky, to be United States District Judge for the Eastern District of Kentucky"
S587,Senate,PN5205,"Rebecca L. Taibleson, of Wisconsin, to be United States Circuit Judge for the Seventh Circuit"
S588,Senate,PN5205,"Rebecca L. Taibleson, of Wisconsin, to be United States Circuit Judge for the Seventh Circuit"
S589,Senate,PN4663,"Bill Lewis, of Alabama, to be United States District Judge for the Middle District of Alabama"
S590,Senate,HR5371,"A bill making continuing appropriations and extensions for fiscal year 2026, and for other purposes."
S591,Senate,PN3466,"Jordan Emery Pratt, of Florida, to be United States District Judge for the Middle District of Florida"
S592,Senate,PN3466,"Jordan Emery Pratt, of Florida, to be United States District Judge for the Middle District of Florida"
S593,Senate,PN4662,"Edmund G. LaCour, Jr., of Alabama, to be United States District Judge for the Northern District of Alabama"
S594,Senate,SJRES81,A joint resolution terminating the national emergency declared to impose duties on articles imported from Brazil.
S595,Senate,SJRES80,"A joint resolution providing for congressional disapproval under chapter 8 of title 5, United States Code, of the rule submitted by the Bureau of Land Management relating to ""National Petroleum Reserve in Alaska Integrated Activity Plan Record of Decision""."
S596,Senate,PN4662,"Edmund G. LaCour, Jr., of Alabama, to be United States District Judge for the Northern District of Alabama"
S597,Senate,SJRES69,"A joint resolution providing for congressional disapproval under chapter 8 of title 5, United States Code, of the rule submitted by the United States Fish and Wildlife Service relating to ""Record of Decision for the Barred Owl Management Strategy; Washington, Oregon, and California""."
S598,Senate,SJRES77,A joint resolution terminating the national emergency declared to impose duties on articles imported from Canada.
S599,Senate,SJRES80,"A joint resolution providing for congressional disapproval under chapter 8 of title 5, United States Code, of the rule submitted by the Bureau of Land Management relating to ""National Petroleum Reserve in Alaska Integrated Activity Plan Record of Decision""."
S600,Senate,SJRES88,A joint resolution terminating the national emergency declared to impose global tariffs.
S601,Senate,PN4001,"Joshua D. Dunlap, of Maine, to be United States Circuit Judge for the First Circuit"
S602,Senate,PN4003,"Eric Chunyee Tung, of California, to be United States Circuit Judge for the Ninth Circuit"
S603,Senate,HR5371,"A bill making continuing appropriations and extensions for fiscal year 2026, and for other purposes."
S604,Senate,PN4001,"Joshua D. Dunlap, of Maine, to be United States Circuit Judge for the First Circuit"
S605,Senate,PN4003,"Eric Chunyee Tung, of California, to be United States Circuit Judge for the Ninth Circuit"
S606,Senate,PN2537,"Caleb Orr, of Texas, to be an Assistant Secretary of State (Economic and Business Affairs)"
S607,Senate,PN2537,"Caleb Orr, of Texas, to be an Assistant Secretary of State (Economic and Business Affairs)"
S608,Senate,SJRES90,A joint resolution to direct the removal of United States Armed Forces from hostilities within or against Venezuela that have not been authorized by Congress.
S609,Senate,S3012,"A bill to appropriate funds for pay and allowances of excepted Federal employees for periods of work performed during a lapse in appropriations, and for other purposes."
S610,Senate,HR5371,"A bill making continuing appropriations and extensions for fiscal year 2026, and for other purposes."
S611,Senate,HR5371,"A bill making continuing appropriations and extensions for fiscal year 2026, and for other purposes."
S612,Senate,HR5371,To improve the bill.
S613,Senate,HR5371,To improve the bill.
S614,Senate,HR5371,To strike a provision modifying the definition of hemp for purposes of the Agricultural Marketing Act of 1946.
S615,Senate,HR5371,In the nature of a substitute.
S616,Senate,HR5371,In the nature of a substitute.
S617,Senate,HR5371,"A bill making continuing appropriations and extensions for fiscal year 2026, and for other purposes."
S618,Senate,HR5371,"A bill making continuing appropriations and extensions for fiscal year 2026, and for other purposes."
S619,Senate,PN4456,"Ho Nieh, of Alabama, to be a Member of the Nuclear Regulatory Commission for the remainder of the term expiring June 30, 2029"
S620,Senate,PN4456,"Ho Nieh, of Alabama, to be a Member of the Nuclear Regulatory Commission for the remainder of the term expiring June 30, 2029"
S621,Senate,SJRES89,"A joint resolution providing for congressional disapproval under chapter 8 of title 5, United States Code, of the rule submitted by the Bureau of Land Management relating to ""Buffalo Field Office Record of Decision and Approved Resource Management Plan Amendment""."
S622,Senate,SJRES76,"A joint resolution providing for congressional disapproval under chapter 8 of title 5, United States Code, of the rule submitted by the Environmental Protection Agency relating to ""Extension of Deadlines in Standards of Performance for New, Reconstructed, and Modified Sources and Emissions Guidelines for Existing Sources: Oil and Natural Gas Sector Climate Review Final Rule""."
S623,Senate,HJRES130,"A joint resolution providing for congressional disapproval under chapter 8 of title 5, United States Code, of the rule submitted by the Bureau of Land Management relating to ""Buffalo Field Office Record of Decision and Approved Resource Management Plan Amendment""."
S624,Senate,PN5201,"David A. Bragdon, of North Carolina, to be United States District Judge for the Middle District of North Carolina"
S625,Senate,PN5201,"David A. Bragdon, of North Carolina, to be United States District Judge for the Middle District of North Carolina"
S626,Senate,PN5202,"Lindsey Ann Freeman, of North Carolina, to be United States District Judge for the Middle District of North Carolina"
S627,Senate,PN5202,"Lindsey Ann Freeman, of North Carolina, to be United States District Judge for the Middle District of North Carolina"
S628,Senate,PN5203,"Matthew E. Orso, of North Carolina, to be United States District Judge for the Western District of North Carolina"
S629,Senate,PN5203,"Matthew E. Orso, of North Carolina, to be United States District Judge for the Western District of North Carolina"
S630,Senate,SJRES91,"A joint resolution providing for congressional disapproval under chapter 8 of title 5, United States Code, of the rule submitted by the Bureau of Land Management relating to ""Coastal Plain Oil and Gas Leasing Program Record of Decision""."
S631,Senate,PN5204,"Susan Courtwright Rodriguez, of North Carolina, to be United States District Judge for the Western District of North Carolina"
S632,Senate,HJRES131,"A joint resolution providing for congressional disapproval under chapter 8 of title 5, United States Code, of the rule submitted by the Bureau of Land Management relating to ""Coastal Plain Oil and Gas Leasing Program Record of Decision""."
S633,Senate,SRES520,An executive resolution authorizing the en bloc consideration in Executive Session of certain nominations on the Executive Calendar.
S634,Senate,PN5204,"Susan Courtwright Rodriguez, of North Carolina, to be United States District Judge for the Western District of North Carolina"
S635,Senate,PN4661,"Robert P. Chamberlin, of Mississippi, to be United States District Judge for the Northern District of Mississippi"
S636,Senate,PN4661,"Robert P. Chamberlin, of Mississippi, to be United States District Judge for the Northern District of Mississippi"
S637,Senate,PN6151,"William J. Crain, of Louisiana, to be United States District Judge for the Eastern District of Louisiana"
S638,Senate,PN6151,"William J. Crain, of Louisiana, to be United States District Judge for the Eastern District of Louisiana"
S639,Senate,PN4665,"James D. Maxwell II, of Mississippi, to be United States District Judge for the Northern District of Mississippi"
S640,Senate,PN4665,"James D. Maxwell II, of Mississippi, to be United States District Judge for the Northern District of Mississippi"
S641,Senate,SJRES82,"A joint resolution providing for congressional disapproval under chapter 8 of title 5, United States Code, of the rule submitted by the Office of the Secretary of the Department of Health and Human Services relating to ""Policy on Adhering to the Text of the Administrative Procedure Act""."
S642,Senate,SRES532,An executive resolution authorizing the en bloc consideration in Executive Session of certain nominations on the Executive Calendar.
S643,Senate,S3386,"A bill to provide a health savings account contribution to certain enrollees, to reduce health care costs, and for other purposes."
S644,Senate,S3385,A bill to amend the Internal Revenue Code of 1986 to extend the enhancement of the health care premium tax credit.
S645,Senate,SRES532,An executive resolution authorizing the en bloc consideration in Executive Session of certain nominations on the Executive Calendar.
S646,Senate,S1071,"A bill to require the Secretary of Veterans Affairs to disinter the remains of Fernando V. Cota from Fort Sam Houston National Cemetery, Texas, and for other purposes."
S647,Senate,S1071,"A bill to require the Secretary of Veterans Affairs to disinter the remains of Fernando V. Cota from Fort Sam Houston National Cemetery, Texas, and for other purposes."
S648,Senate,S1071,"A bill to require the Secretary of Veterans Affairs to disinter the remains of Fernando V. Cota from Fort Sam Houston National Cemetery, Texas, and for other purposes."
S649,Senate,PN650,"Jared Isaacman, of Pennsylvania, to be Administrator of the National Aeronautics and Space Administration"
S650,Senate,PN650,"Jared Isaacman, of Pennsylvania, to be Administrator of the National Aeronautics and Space Administration"
S651,Senate,PN6452,"Douglas Weaver, of Maryland, to be a Member of the Nuclear Regulatory Commission for the remainder of the term expiring June 30, 2026"
S652,Senate,PN6452,"Douglas Weaver, of Maryland, to be a Member of the Nuclear Regulatory Commission for the remainder of the term expiring June 30, 2026"
S653,Senate,PN2529,"Scott Mayer, of Pennsylvania, to be a Member of the National Labor Relations Board for the term of five years expiring December 16, 2029; and Mary Anne Carter, of Tennessee, to be Chairperson of the National Endowment for the Arts for a term of four years; and Christopher Yeaw, of Virginia, to be an Assistant Secretary of State (Arms Control, Nonproliferation, and Stability); and Tammy Bruce, of California, to be the Deputy Representative of the United States of America to the United Nations, with the rank and status of Ambassador; the Deputy Representative of the United States of America in the Security Council of the United Nations; and to serve concurrently and without additional compensation as Representative of the United States of America to the Sessions of the General Assembly of the United Nations, during her tenure of service as Deputy Representative of the United States of America to the United Nations; and Darryl Nirenberg, of Virginia, to be Ambassador to Romania; and Bernardo Navarro, of Puerto Rico, to be Ambassador to the Republic of Peru; and Yehuda Kaploun, of Florida, to be Special Envoy to Monitor and Combat Anti-Semitism, with the rank of Ambassador; and Melissa Argyros, of California, to be Ambassador to the Republic of Latvia; and Michael Selig, of Florida, to be a Commissioner of the Commodity Futures Trading Commission for a term expiring April 13, 2029; and Michael Selig, of Florida, to be Chairman of the Commodity Futures Trading Commission; and Scott Leary, of Mississippi, to be United States Attorney for the Northern District of Mississippi for the term of four years; and James Kruger, of Mississippi, to be United States Attorney for the Southern District of Mississippi for the term of four years; and Ryan Anthony Kriegshauser, of Kansas, to be United States Attorney for the District of Kansas for the term of four years; and Erin Creegan, of New Hampshire, to be United States Attorney for the District of New Hampshire  for the term of four years; and Andrew Duva, of Florida, to be an Assistant Attorney General; and John Walk, of Virginia, to be Inspector General, Department of Agriculture; and Thomas Bell, of Virginia, to be Inspector General, Department of Health and Human Services; and Morvared Namdarkhan, of Texas, to be an Assistant Secretary of State (Consular Affairs); and Brent Christensen, of Virginia, to be Ambassador to the People's Republic of Bangladesh; and Benjamin Leon, Jr., of Florida, to be Ambassador to the Kingdom of Spain, and to serve concurrently and without additional compensation as Ambassador to the Principality of Andorra; and Leo Brent Bozell III, of Virginia, to be Ambassador to the Republic of South Africa; and Julie Callahan, of the District of Columbia, to be Chief Agricultural Negotiator, Office of the United States Trade Representative, with the rank of Ambassador; and Arjun Mody, of New Jersey, to be Deputy Commissioner Social Security for the term expiring January 19, 2031; and Jeffrey Goettman, of Virginia, to be a Deputy United States Trade Representative (Africa, Western Hemisphere, Europe, the Middle East, Environment, Labor, and Industrial Competitiveness), with the Rank of Ambassador; and Travis Hill, of Maryland, to be Chairperson of the Board of Directors of the Federal Deposit Insurance Corporation for a term of five years; and Joseph Gormley, of Maryland, to be President, Government National Mortgage Association; and Francis Cassidy, of Pennsylvania, to be an Assistant Secretary of Housing and Urban Development; and Paul Hollis, of Louisiana, to be Director of the Mint for a term of five years; and Michelle A. Schultz, of Pennsylvania, to be a Member of the Surface Transportation Board for a term expiring November 30, 2030; and Trent Morse, of Florida, to be a Member of the Board of Directors of the Metropolitan Washington Airports Authority for a term expiring May 30, 2030; and Laura DiBella, of Florida, to be a Federal Maritime Commissioner for a term expiring June 30, 2028; and Timothy Petty, of Indiana, to be Assistant Secretary of Commerce for Oceans and Atmosphere; and Stephen Carmel, of Virginia, to be Administrator of the Maritime Administration; and Ethan Klein, of New Jersey, to be an Associate Director of the Office of Science and Technology Policy; and Maurice Todd, of Florida, to be an Assistant Secretary of Defense; and Michael Payne, of Virginia, to be Director of Cost Assessment and Program Evaluation, Department of Defense; and Timothy Dill, of Ohio, to be an Assistant Secretary of Defense; and James Caggy, of New York, to be an Assistant Secretary of Defense; and John Noh, of Texas, to be an Assistant Secretary of Defense; and William Lane III, of Virginia, to be General Counsel of the Department of the Air Force; and Michael Borders, of Florida, to be an Assistant Secretary of the Air Force; and Charles Young III, of West Virginia, to be General Counsel of the Department of the Army; and David Beck, of Tennessee, to be Deputy Administrator for Defense Programs, National Nuclear Security Administration; and Brendan Rogers, of Connecticut, to be an Assistant Secretary of the Navy; and Joseph Jewell, of Indiana, to be an Assistant Secretary of Defense; and Marc Berkowitz, of Virginia, to be an Assistant Secretary of Defense; and Robert Kadlec, of New York, to be an Assistant Secretary of Defense; and Thomas Ferguson III, of North Carolina, to be United States Attorney for the Western District of North Carolina for the term of four years; and John Cuong Truong, of the District of Columbia, to be an Associate Judge of the Superior Court of the District of Columbia for the term of fifteen years; and Elana S. Suttenberg, of the District of Columbia, to be an Associate Judge of the Superior Court of the District of Columbia for the term of fifteen years; and Stephen F. Rickard, of the District of Columbia, to be an Associate Judge of the Superior Court of the District of Columbia for the term of fifteen years; and Edward Forst, of Florida, to be Administrator of General Services; and Charles Arrington, of Illinois, to be a Member of the Federal Labor Relations Authority for a term expiring July 1, 2030; and Peter Metzger, of the District of Columbia, to be Assistant Secretary for Intelligence and Analysis, Department of the Treasury; and Stella Herrell, of New Mexico, to be an Assistant Secretary of Agriculture; and Mindy Brashears, of Texas, to be Under Secretary of Agriculture for Food Safety; and Platte Moring, of South Carolina, to be Inspector General, Department of Defense; and Anthony D'Esposito, of New York, to be Inspector General, Department of Labor; and Douglas Troutman, of Maryland, to be Assistant Administrator for Toxic Substances of the Environmental Protection Agency; and Arthur Graham, of Florida, to be a Member of the Board of Directors of the Tennessee Valley Authority for the remainder of the term expiring May 18, 2026; and Randall Jones, of Alabama, to be a Member of the Board of Directors of the Tennessee Valley Authority for a term expiring May 18, 2028; and Jeff Hagood, of Tennessee, to be a Member of the Board of Directors of the Tennessee Valley Authority for a term of expiring May 18, 2029; and Mitch Graves, of Tennessee, to be a Member of the Board of Directors of the Tennessee Valley Authority for a term expiring May 18, 2029; and Jeffrey Hall, of Virginia, to be an Assistant Administrator of the Environmental Protection Agency; and William Kirk, of Maryland, to be Inspector General, Small Business Administration; and John Bartrum, of Indiana, to be Under Secretary for Health of the Department of Veterans Affairs; and Andrew Veprek, of Louisiana, to be an Assistant Secretary of State (Population, Refugees, and Migration); and Joyce Meyer, of Virginia, to be Under Secretary of Commerce for Economic Affairs; and Harry Kumar, of New York, to be an Assistant Secretary of Commerce; and Adam Mildred, of Indiana, to be United States Attorney for the Northern District of Indiana for the term of four years; and Thomas Albus, of Missouri, to be United States Attorney for the Eastern District of Missouri for the term of four years; and Thomas Wheeler II, of Indiana, to be United States Attorney for the Southern District of Indiana for the term of four years; and Bryan Stirling, of South Carolina, to be United States Attorney for the District of South Carolina for the term of four years; and Jerome Francis Gorgon, Jr., of Michigan, to be United States Attorney for the Eastern District of Michigan for the term of four years; and Dominick Gerace II, of Ohio, to be United States Attorney for the Southern District of Ohio for the term of four years; and Braden Boucek, of Tennessee, to be United States Attorney for the Middle District of Tennessee for the term of four years; and James Mazol, of Virginia, to be a Deputy Under Secretary of Defense; and Derrick Anderson, of Virginia, to be an Assistant Secretary of Defense; and Kirsten Davies, of Tennessee, to be Chief Information Officer of the Department of Defense; and James Murphy, of Maryland, to be a Member of the National Labor Relations Board for the term of five years expiring December 16, 2027; and Rosario Palmieri, of Virginia, to be an Assistant Secretary of Labor; and Crystal Carey, of New Jersey, to be General Counsel of the National Labor Relations Board for term of four years; and Jonathan Greenstein, of New York, to be a Deputy Under Secretary of the Treasury; and Derek Theurer, of Virginia, to be a Deputy Under Secretary of the Treasury; and Jeremiah Workman, of Ohio, to be Assistant Secretary of Labor for Veterans' Employment and Training; and David Courcelle, of Louisiana, to be United States Attorney for the Eastern District of Louisiana for the term of four years; and Chris Pilkerton, of Maryland, to be Assistant Secretary of the Treasury for Investment Security; and Jonathan Burke, of Georgia, to be Assistant Secretary for Terrorist Financing, Department of the Treasury; and Ronald Kurtz, of Georgia, to be an Assistant Secretary of Housing and Urban Development; and Benjamin Hobbs, of Ohio, to be Assistant Secretary of Housing and Urban Development; and David Denton, Jr., of Virginia, to be General Counsel of the Department of the Navy; and Amy Henninger, of Virginia, to be Director of Operational Test and Evaluation, Department of Defense; and Benjamin Kohlmann, of Texas, to be an Assistant Secretary of the Navy; and Michael Powers, of Virginia, to be Deputy Under Secretary of Defense; and Pedro Allende, of Florida, to be Under Secretary for Science and Technology, Department of Homeland Security; and James Percival, of Florida, to be General Counsel, Department of Homeland Security; and Henry Mack III, of Florida, to be an Assistant Secretary of Labor"
S654,Senate,SJRES82,"A joint resolution providing for congressional disapproval under chapter 8 of title 5, United States Code, of the rule submitted by the Office of the Secretary of the Department of Health and Human Services relating to ""Policy on Adhering to the Text of the Administrative Procedure Act""."
S655,Senate,PN252,"Scott Mayer, of Pennsylvania, to be a Member of the National Labor Relations Board for the term of five years expiring December 16, 2029; and Mary Anne Carter, of Tennessee, to be Chairperson of the National Endowment for the Arts for a term of four years; and Christopher Yeaw, of Virginia, to be an Assistant Secretary of State (Arms Control, Nonproliferation, and Stability); and Tammy Bruce, of California, to be the Deputy Representative of the United States of America to the United Nations, with the rank and status of Ambassador; the Deputy Representative of the United States of America in the Security Council of the United Nations; and to serve concurrently and without additional compensation as Representative of the United States of America to the Sessions of the General Assembly of the United Nations, during her tenure of service as Deputy Representative of the United States of America to the United Nations; and Darryl Nirenberg, of Virginia, to be Ambassador to Romania; and Bernardo Navarro, of Puerto Rico, to be Ambassador to the Republic of Peru; and Yehuda Kaploun, of Florida, to be Special Envoy to Monitor and Combat Anti-Semitism, with the rank of Ambassador; and Melissa Argyros, of California, to be Ambassador to the Republic of Latvia; and Michael Selig, of Florida, to be a Commissioner of the Commodity Futures Trading Commission for a term expiring April 13, 2029; and Michael Selig, of Florida, to be Chairman of the Commodity Futures Trading Commission; and Scott Leary, of Mississippi, to be United States Attorney for the Northern District of Mississippi for the term of four years; and James Kruger, of Mississippi, to be United States Attorney for the Southern District of Mississippi for the term of four years; and Ryan Anthony Kriegshauser, of Kansas, to be United States Attorney for the District of Kansas for the term of four years; and Erin Creegan, of New Hampshire, to be United States Attorney for the District of New Hampshire for the term of four years; and Andrew Duva, of Florida, to be an Assistant Attorney General; and John Walk, of Virginia, to be Inspector General, Department of Agriculture; and Thomas Bell, of Virginia, to be Inspector General, Department of Health and Human Services; and Morvared Namdarkhan, of Texas, to be an Assistant Secretary of State (Consular Affairs); and Brent Christensen, of Virginia, to be Ambassador to the People's Republic of Bangladesh; and Benjamin Leon, Jr., of Florida, to be Ambassador to the Kingdom of Spain, and to serve concurrently and without additional compensation as Ambassador to the Principality of Andorra; and Leo Brent Bozell III, of Virginia, to be Ambassador to the Republic of South Africa; and Julie Callahan, of the District of Columbia, to be Chief Agricultural Negotiator, Office of the United States Trade Representative, with the rank of Ambassador; and Arjun Mody, of New Jersey, to be Deputy Commissioner Social Security for the term expiring January 19, 2031; and Jeffrey Goettman, of Virginia, to be a Deputy United States Trade Representative (Africa, Western Hemisphere, Europe, the Middle East, Environment, Labor, and Industrial Competitiveness), with the Rank of Ambassador; and Travis Hill, of Maryland, to be Chairperson of the Board of Directors of the Federal Deposit Insurance Corporation for a term of five years; and Joseph Gormley, of Maryland, to be President, Government National Mortgage Association; and Francis Cassidy, of Pennsylvania, to be an Assistant Secretary of Housing and Urban Development; and Paul Hollis, of Louisiana, to be Director of the Mint for a term of five years; and Michelle A. Schultz, of Pennsylvania, to be a Member of the Surface Transportation Board for a term expiring November 30, 2030; and Trent Morse, of Florida, to be a Member of the Board of Directors of the Metropolitan Washington Airports Authority for a term expiring May 30, 2030; and Laura DiBella, of Florida, to be a Federal Maritime Commissioner for a term expiring June 30, 2028; and Timothy Petty, of Indiana, to be Assistant Secretary of Commerce for Oceans and Atmosphere; and Stephen Carmel, of Virginia, to be Administrator of the Maritime Administration; and Ethan Klein, of New Jersey, to be an Associate Director of the Office of Science and Technology Policy; and Maurice Todd, of Florida, to be an Assistant Secretary of Defense; and Michael Payne, of Virginia, to be Director of Cost Assessment and Program Evaluation, Department of Defense; and Timothy Dill, of Ohio, to be an Assistant Secretary of Defense; and James Caggy, of New York, to be an Assistant Secretary of Defense; and John Noh, of Texas, to be an Assistant Secretary of Defense; and William Lane III, of Virginia, to be General Counsel of the Department of the Air Force; and Michael Borders, of Florida, to be an Assistant Secretary of the Air Force; and Charles Young III, of West Virginia, to be General Counsel of the Department of the Army; and David Beck, of Tennessee, to be Deputy Administrator for Defense Programs, National Nuclear Security Administration; and Brendan Rogers, of Connecticut, to be an Assistant Secretary of the Navy; and Joseph Jewell, of Indiana, to be an Assistant Secretary of Defense; and Marc Berkowitz, of Virginia, to be an Assistant Secretary of Defense; and Robert Kadlec, of New York, to be an Assistant Secretary of Defense; and Thomas Ferguson III, of North Carolina, to be United States Attorney for the Western District of North Carolina for the term of four years; and John Cuong Truong, of the District of Columbia, to be an Associate Judge of the Superior Court of the District of Columbia for the term of fifteen years; and Elana S. Suttenberg, of the District of Columbia, to be an Associate Judge of the Superior Court of the District of Columbia for the term of fifteen years; and Stephen F. Rickard, of the District of Columbia, to be an Associate Judge of the Superior Court of the District of Columbia for the term of fifteen years; and Edward Forst, of Florida, to be Administrator of General Services; and Charles Arrington, of Illinois, to be a Member of the Federal Labor Relations Authority for a term expiring July 1, 2030; and Peter Metzger, of the District of Columbia, to be Assistant Secretary for Intelligence and Analysis, Department of the Treasury; and Stella Herrell, of New Mexico, to be an Assistant Secretary of Agriculture; and Mindy Brashears, of Texas, to be Under Secretary of Agriculture for Food Safety; and Platte Moring, of South Carolina, to be Inspector General, Department of Defense; and Anthony D'Esposito, of New York, to be Inspector General, Department of Labor; and Douglas Troutman, of Maryland, to be Assistant Administrator for Toxic Substances of the Environmental Protection Agency; and Arthur Graham, of Florida, to be a Member of the Board of Directors of the Tennessee Valley Authority for the remainder of the term expiring May 18, 2026; and Randall Jones, of Alabama, to be a Member of the Board of Directors of the Tennessee Valley Authority for a term expiring May 18, 2028; and Jeff Hagood, of Tennessee, to be a Member of the Board of Directors of the Tennessee Valley Authority for a term of expiring May 18, 2029; and Mitch Graves, of Tennessee, to be a Member of the Board of Directors of the Tennessee Valley Authority for a term expiring May 18, 2029; and Jeffrey Hall, of Virginia, to be an Assistant Administrator of the Environmental Protection Agency; and William Kirk, of Maryland, to be Inspector General, Small Business Administration; and John Bartrum, of Indiana, to be Under Secretary for Health of the Department of Veterans Affairs; and Andrew Veprek, of Louisiana, to be an Assistant Secretary of State (Population, Refugees, and Migration); and Joyce Meyer, of Virginia, to be Under Secretary of Commerce for Economic Affairs; and Harry Kumar, of New York, to be an Assistant Secretary of Commerce; and Adam Mildred, of Indiana, to be United States Attorney for the Northern District of Indiana for the term of four years; and Thomas Albus, of Missouri, to be United States Attorney for the Eastern District of Missouri for the term of four years; and Thomas Wheeler II, of Indiana, to be United States Attorney for the Southern District of Indiana for the term of four years; and Bryan Stirling, of South Carolina, to be United States Attorney for the District of South Carolina for the term of four years; and Jerome Francis Gorgon, Jr., of Michigan, to be United States Attorney for the Eastern District of Michigan for the term of four years; and Dominick Gerace II, of Ohio, to be United States Attorney for the Southern District of Ohio for the term of four years; and Braden Boucek, of Tennessee, to be United States Attorney for the Middle District of Tennessee for the term of four years; and James Mazol, of Virginia, to be a Deputy Under Secretary of Defense; and Derrick Anderson, of Virginia, to be an Assistant Secretary of Defense; and Kirsten Davies, of Tennessee, to be Chief Information Officer of the Department of Defense; and James Murphy, of Maryland, to be a Member of the National Labor Relations Board for the term of five years expiring December 16, 2027; and Rosario Palmieri, of Virginia, to be an Assistant Secretary of Labor; and Crystal Carey, of New Jersey, to be General Counsel of the National Labor Relations Board for term of four years; and Jonathan Greenstein, of New York, to be a Deputy Under Secretary of the Treasury; and Derek Theurer, of Virginia, to be a Deputy Under Secretary of the Treasury; and Jeremiah Workman, of Ohio, to be Assistant Secretary of Labor for Veterans' Employment and Training; and David Courcelle, of Louisiana, to be United States Attorney for the Eastern District of Louisiana for the term of four years; and Chris Pilkerton, of Maryland, to be Assistant Secretary of the Treasury for Investment Security; and Jonathan Burke, of Georgia, to be Assistant Secretary for Terrorist Financing, Department of the Treasury; and Ronald Kurtz, of Georgia, to be an Assistant Secretary of Housing and Urban Development; and Benjamin Hobbs, of Ohio, to be Assistant Secretary of Housing and Urban Development; and David Denton, Jr., of Virginia, to be General Counsel of the Department of the Navy; and Amy Henninger, of Virginia, to be Director of Operational Test and Evaluation, Department of Defense; and Benjamin Kohlmann, of Texas, to be an Assistant Secretary of the Navy; and Michael Powers, of Virginia, to be Deputy Under Secretary of Defense; and Pedro Allende, of Florida, to be Under Secretary for Science and Technology, Department of Homeland Security; and James Percival, of Florida, to be General Counsel, Department of Homeland Security; and Daniel Aronowitz, of Virginia, to be an Assistant Secretary of Labor"
S656,Senate,PN49911,"Joshua Simmons, of Virginia, to be General Counsel of the Central Intelligence Agency"
S657,Senate,PN121,"Keith Bass, of Texas, to be an Assistant Secretary of Defense"
S658,Senate,PN6152,"Alexander C. Van Hook, of Louisiana, to be United States District Judge for the Western District of Louisiana"
S659,Senate,PN373,"Sara Bailey, of Texas, to be Director of National Drug Control Policy"
S660,Senate,PN121,"Keith Bass, of Texas, to be an Assistant Secretary of Defense"
S661,Senate,PN49911,"Joshua Simmons, of Virginia, to be General Counsel of the Central Intelligence Agency"
S662,Senate,PN373,"Sara Bailey, of Texas, to be Director of National Drug Control Policy"
S663,Senate,SJRES86,"A joint resolution providing for congressional disapproval under chapter 8 of title 5, United States Code, of the rule submitted by the Environmental Protection Agency relating to ""Air Plan Approval; South Dakota; Regional Haze Plan for the Second Implementation Period""."
S664,Senate,SJRES98,A joint resolution to direct the removal of United States Armed Forces from hostilities within or against Venezuela that have not been authorized by Congress.
S665,Senate,PN6152,"Alexander C. Van Hook, of Louisiana, to be United States District Judge for the Western District of Louisiana"
S666,Senate,HR6938,"A bill making consolidated appropriations for the fiscal year ending September 30, 2026, and for other purposes."
S667,Senate,SJRES84,"A joint resolution providing for congressional disapproval under chapter 8 of title 5, United States Code, of the rule submitted by the Centers for Medicare &#38; Medicaid Services relating to ""Patient Protection and Affordable Care Act; Market Integrity and Affordability""."
S668,Senate,SJRES98,A joint resolution to direct the removal of United States Armed Forces from hostilities within or against Venezuela that have not been authorized by Congress.
S669,Senate,HR6938,"A bill making consolidated appropriations for the fiscal year ending September 30, 2026, and for other purposes."
S670,Senate,HR6938,"A bill making consolidated appropriations for the fiscal year ending September 30, 2026, and for other purposes."
S671,Senate,S3627,"A bill to require institutions of higher education to disseminate information on the rights of, and accommodations and resources for, pregnant students, and for other purposes."
S672,Senate,HR7148,"A bill making further consolidated appropriations for the fiscal year ending September 30, 2026, and for other purposes."
S673,Senate,HR7148,To eliminate funding for refugee and entrant assistance.
S674,Senate,HR7148,To strike all earmarks.
S675,Senate,HR7148,To strike the earmark for the Community and Training Center by the New Immigrant Community Empowerment.
S676,Senate,HR7148,To eliminate funding for the United States African Development Foundation.
S677,Senate,HR7148,To rescind certain amounts appropriated for U.S. Immigration and Customs Enforcement and certain changes to Medicaid.
S678,Senate,HR7148,To prevent the deferral or rescission of appropriations within 90 days of their expiration.
S679,Senate,HR7148,"A bill making further consolidated appropriations for the fiscal year ending September 30, 2026, and for other purposes."
S680,Senate,PN7265,"David Clay Fowlkes, of Arkansas, to be United States District Judge for the Western District of Arkansas"
S681,Senate,PN7265,"David Clay Fowlkes, of Arkansas, to be United States District Judge for the Western District of Arkansas"
S682,Senate,PN7266,"Nicholas Jon Ganjei, of Texas, to be United States District Judge for the Southern District of Texas"
S683,Senate,PN7266,"Nicholas Jon Ganjei, of Texas, to be United States District Judge for the Southern District of Texas"
S684,Senate,PN72612,"Aaron Christian Peterson, of Alaska, to be United States District Judge for the District of Alaska"
S685,Senate,PN72612,"Aaron Christian Peterson, of Alaska, to be United States District Judge for the District of Alaska"
S686,Senate,PN7262,"Megan Blair Benton, of Missouri, to be United States District Judge for the Western District of Missouri"
S687,Senate,PN7262,"Megan Blair Benton, of Missouri, to be United States District Judge for the Western District of Missouri"
S688,Senate,PN7269,"Brian Charles Lea, of Tennessee, to be United States District Judge for the Western District of Tennessee"
S689,Senate,PN7269,"Brian Charles Lea, of Tennessee, to be United States District Judge for the Western District of Tennessee"
S690,Senate,PN72611,"Justin R. Olson, of Indiana, to be United States District Judge for the Southern District of Indiana"
S691,Senate,PN72611,"Justin R. Olson, of Indiana, to be United States District Judge for the Southern District of Indiana"
S692,Senate,PN7264,"Daniel E. Burrows, of Colorado, to be an Assistant Attorney General"
S693,Senate,PN7264,"Daniel E. Burrows, of Colorado, to be an Assistant Attorney General"
S694,Senate,SJRES95,"A joint resolution providing for congressional disapproval under chapter 8 of title 5, United States Code, of the rule submitted by the Internal Revenue Service relating to ""Interim Guidance Simplifying Application of the Corporate Alternative Minimum Tax to Partnerships""."
S695,Senate,HJRES142,A joint resolution disapproving the action of the District of Columbia Council in approving the D.C. Income and Franchise Tax Conformity and Revision Temporary Amendment Act of 2025.
S696,Senate,HJRES142,A joint resolution disapproving the action of the District of Columbia Council in approving the D.C. Income and Franchise Tax Conformity and Revision Temporary Amendment Act of 2025.
S697,Senate,HR7147,"A bill making further consolidated appropriations for the fiscal year ending September 30, 2026, and for other purposes."
S698,Senate,HR7147,"A bill making further consolidated appropriations for the fiscal year ending September 30, 2026, and for other purposes."
S699,Senate,PN73019,"John DeLeeuw, of Texas, to be a Member of the National Transportation Safety Board for the remainder of the term expiring December 31, 2026"
S700,Senate,PN73019,"John DeLeeuw, of Texas, to be a Member of the National Transportation Safety Board for the remainder of the term expiring December 31, 2026"
S701,Senate,PN73046,"Ryan McCormack, of Virginia, to be Under Secretary of Transportation for Policy"
S702,Senate,PN73046,"Ryan McCormack, of Virginia, to be Under Secretary of Transportation for Policy"
S703,Senate,HR6644,"A bill a bill to increase the supply of housing in America, and for other purposes."
S704,Senate,HR6644,"A bill a bill to increase the supply of housing in America, and for other purposes."
S705,Senate,SJRES104,A joint resolution to direct the removal of United States Armed Forces from hostilities within or against the Islamic Republic of Iran that have not been authorized by Congress.
S706,Senate,HR7147,"A bill making further consolidated appropriations for the fiscal year ending September 30, 2026, and for other purposes."
S707,Senate,PN711,"Lt. Gen. Joshua M. Rudd, in the Army, to be General"
S708,Senate,PN711,"Lt. Gen. Joshua M. Rudd, in the Army, to be General"
S709,Senate,HR6644,In the nature of a substitute.
S710,Senate,HR6644,In the nature of a substitute.
S711,Senate,HR6644,"A bill a bill to increase the supply of housing in America, and for other purposes."
S712,Senate,HR6644,"A bill a bill to increase the supply of housing in America, and for other purposes."
S713,Senate,HR7147,"A bill making further consolidated appropriations for the fiscal year ending September 30, 2026, and for other purposes."
S714,Senate,PN7874,"Anna St. John, of Louisiana, to be United States District Judge for the Eastern District of Louisiana"
S715,Senate,PN7874,"Anna St. John, of Louisiana, to be United States District Judge for the Eastern District of Louisiana"
S716,Senate,S1383,"A bill to establish the Veterans Advisory Committee on Equal Access, and for other purposes."
S717,Senate,SJRES118,A joint resolution to direct the removal of United States Armed Forces from hostilities within or against the Islamic Republic of Iran that have not been authorized by Congress.
S718,Senate,HR7147,"A bill making further consolidated appropriations for the fiscal year ending September 30, 2026, and for other purposes."
S719,Senate,S1383,To protect women and girls in athletics.
S720,Senate,S1383,"A bill to establish the Veterans Advisory Committee on Equal Access, and for other purposes."
S721,Senate,PN858,"Markwayne Mullin, of Oklahoma, to be Secretary of Homeland Security"
S722,Senate,PN858,"Markwayne Mullin, of Oklahoma, to be Secretary of Homeland Security"
S723,Senate,PN7869,"Colin McDonald, of California, to be an Assistant Attorney General"
S724,Senate,PN7869,"Colin McDonald, of California, to be an Assistant Attorney General"
S725,Senate,PN697,2 nominations in the Coast Guard beginning with James M. Hurtt and ending with Kelli A. Knight
S726,Senate,S1383,"A bill to establish the Veterans Advisory Committee on Equal Access, and for other purposes."
S727,Senate,S1383,"A bill to establish the Veterans Advisory Committee on Equal Access, and for other purposes."
S728,Senate,SJRES116,A joint resolution to direct the removal of United States Armed Forces from hostilities within or against the Islamic Republic of Iran that have not been authorized by Congress.
S729,Senate,SJRES107,"A joint resolution providing for congressional disapproval under chapter 8 of title 5, United States Code, of the rule submitted by the Internal Revenue Service relating to ""Beginning of Construction Requirements for Purposes of the Termination of Clean Electricity Production Credits and Clean Electricity Investment Credits for Applicable Wind and Solar Facilities""."
S730,Senate,HR7147,"A bill making further consolidated appropriations for the fiscal year ending September 30, 2026, and for other purposes."
S731,Senate,SJRES103,"A joint resolution providing for congressional disapproval under chapter 8 of title 5, United States Code, of the rule submitted by the Department of Veterans Affairs relating to ""Reproductive Health Services""."
S732,Senate,S1383,To require voters to provide photo identification.
S733,Senate,HR7147,"A bill making further consolidated appropriations for the fiscal year ending September 30, 2026, and for other purposes."
S734,Senate,PN7873,"John Thomas Shepherd, of Arkansas, to be United States District Judge for the Western District of Arkansas"
S735,Senate,PN7873,"John Thomas Shepherd, of Arkansas, to be United States District Judge for the Western District of Arkansas"
S736,Senate,PN7875,"Christopher R. Wolfe, of Texas, to be United States District Judge for the Western District of Texas"
S737,Senate,PN7875,"Christopher R. Wolfe, of Texas, to be United States District Judge for the Western District of Texas"
S738,Senate,SJRES123,A joint resolution to direct the removal of United States Armed Forces from hostilities within or against the Islamic Republic of Iran that have not been authorized by Congress.
S739,Senate,SJRES32,A joint resolution providing for congressional disapproval of the proposed foreign military sale to the Government of Israel of certain defense articles and services.
S740,Senate,SJRES138,A joint resolution providing for congressional disapproval of the proposed foreign military sale to the Government of Israel of certain defense articles and services.
S741,Senate,HJRES140,"A joint resolution providing for congressional disapproval under chapter 8 of title 5, United States Code, of the rule submitted by the Bureau of Land Management relating to Public Land Order No. 7917 for Withdrawal of Federal Lands; Cook, Lake, and Saint Louis Counties, MN."
S742,Senate,HJRES140,"A joint resolution providing for congressional disapproval under chapter 8 of title 5, United States Code, of the rule submitted by the Bureau of Land Management relating to Public Land Order No. 7917 for Withdrawal of Federal Lands; Cook, Lake, and Saint Louis Counties, MN."
S743,Senate,HJRES140,"A joint resolution providing for congressional disapproval under chapter 8 of title 5, United States Code, of the rule submitted by the Bureau of Land Management relating to Public Land Order No. 7917 for Withdrawal of Federal Lands; Cook, Lake, and Saint Louis Counties, MN."
S744,Senate,PN7871,"Andrew B. Davis, of Texas, to be United States District Judge for the Western District of Texas"
S745,Senate,PN7871,"Andrew B. Davis, of Texas, to be United States District Judge for the Western District of Texas"
S746,Senate,SCONRES33,A concurrent resolution setting forth the congressional budget for the United States Government for fiscal year 2026 and setting forth the appropriate budgetary levels for fiscal years 2027 through 2035.
S747,Senate,SJRES114,A joint resolution to direct the removal of United States Armed Forces from hostilities within or against the Islamic Republic of Iran that have not been authorized by Congress.
S748,Senate,SCONRES33,To create a point of order against reconciliation legislation that does not lower out-of-pocket health care costs while Americans struggle to make ends meet.
S749,Senate,SCONRES33,To establish a deficit-neutral reserve fund relating to grocery costs.
S750,Senate,SCONRES33,To create a point of order against reconciliation legislation fails to address the practice of insurance companies stepping between patients and their doctors to delay or deny access to care.
S751,Senate,SCONRES33,"To establish a deficit-neutral reserve fund relating to the apprehension and deportation of adult illegal aliens convicted of rape, murder, or sexual abuse of a minor after illegally entering the United States."
S752,Senate,SCONRES33,To create a point of order against reconciliation legislation that would not increase Federal funding for or participation in school meal programs.
S753,Senate,SCONRES33,To establish a deficit-neutral reserve fund relating to ensuring that consumers are protected from price increases associated with tariffs and the Iran war.
S754,Senate,SCONRES33,To establish a deficit-neutral reserve fund relating to increasing funding for child care for families.
S755,Senate,SCONRES33,"To provide reconciliation instructions for the Committee on Rules and Administration and establish deficit-neutral reserve funds relating to establishing identification requirements for registration to vote in elections for Federal office, establishing photo identification requirements for voting in elections for Federal office, and election day and the counting of ballots in Federal elections."
S756,Senate,SCONRES33,To establish a deficit-neutral reserve fund relating to extending the prohibition on Medicaid payments to abortion providers.
S757,Senate,SCONRES33,To create a point of order against legislation that would not decrease home electricity bills.
S758,Senate,SCONRES33,"To reduce new budget authority for functions 150, 250, 500, and 600 in order to offset $70,000,000,000 of new spending by cutting $45,000,000,000 of foreign aid, eliminating $5,000,000,000 in refugee spending, cutting $16,000,000,000 from the Department of Education, and cutting $4,000,000,000 of National Science Foundation funding."
S759,Senate,SCONRES33,To establish a deficit-neutral reserve fund relating to the impacts of hedge fund ownership of single-family homes and rent prices.
S760,Senate,SCONRES33,To reduce the price of prescription drugs in the United States by more than 50 percent by adopting Most Favored Nation drug pricing so that the American people pay no more for prescription drugs than Europeans or Canadians.
S761,Senate,SCONRES33,To create a point of order against reconciliation legislation that would provide funding to Federal agencies that have unobligated funds from previous reconciliation bills.
S762,Senate,SCONRES33,"To establish a deficit-neutral reserve fund relating to requiring the Comptroller General of the United States to conduct a study related to economic consequences of private or confidential drug pricing agreements struck by any Federal department, agency, or office with any pharmaceutical manufacturer."
S763,Senate,SCONRES33,To establish a deficit-neutral reserve fund relating to requiring the obligation of amounts appropriated to the Federal Emergency Management Agency to carry out the public assistance and hazard mitigation programs.
S764,Senate,SCONRES33,A concurrent resolution setting forth the congressional budget for the United States Government for fiscal year 2026 and setting forth the appropriate budgetary levels for fiscal years 2027 through 2035.
S765,Senate,PN73014,"Robert Cekada, of Florida, to be Director, Bureau of Alcohol, Tobacco, Firearms, and Explosives"
S766,Senate,SRES690,An executive resolution authorizing the en bloc consideration in Executive Session of certain nominations on the Executive Calendar.
S767,Senate,SJRES124,A joint resolution to direct the removal of United States Armed Forces from hostilities within or against the Republic of Cuba that have not been authorized by Congress.
S768,Senate,PN73014,"Robert Cekada, of Florida, to be Director, Bureau of Alcohol, Tobacco, Firearms, and Explosives"
S769,Senate,SJRES139,"A joint resolution providing for congressional disapproval under chapter 8 of title 5, United States Code, of the rule submitted by the Environmental Protection Agency relating to ""Air Plan Disapproval; Colorado; Regional Haze Plan for the Second Implementation Period""."
S770,Senate,SJRES99,"A joint resolution providing for congressional disapproval under chapter 8 of title 5, United States Code, of the rule submitted by U.S. Citizenship and Immigration Services relating to ""Removal of the Automatic Extension of Employment Authorization Documents""."
S771,Senate,SRES690,An executive resolution authorizing the en bloc consideration in Executive Session of certain nominations on the Executive Calendar.
S772,Senate,SJRES184,A joint resolution to direct the removal of United States Armed Forces from hostilities within or against the Islamic Republic of Iran that have not been authorized by Congress.
S773,Senate,SRES690,An executive resolution authorizing the en bloc consideration in Executive Session of certain nominations on the Executive Calendar.
S774,Senate,PN8552,"Kevin Warsh, of Florida, to be a Member of the Board of Governors of the Federal Reserve System for a term of fourteen years from February 1, 2026"
S775,Senate,PN8552,"Kevin Warsh, of Florida, to be a Member of the Board of Governors of the Federal Reserve System for a term of fourteen years from February 1, 2026"
S776,Senate,PN8551,"Kevin Warsh, of Florida, to be Chairman of the Board of Governors of the Federal Reserve System for a term of four years"
S777,Senate,SJRES163,A joint resolution to direct the removal of United States Armed Forces from hostilities within or against the Islamic Republic of Iran that have not been authorized by Congress.
S778,Senate,SRES526,A resolution withholding the pay of Senators if a Government shutdown occurs.
S779,Senate,PN8551,"Kevin Warsh, of Florida, to be Chairman of the Board of Governors of the Federal Reserve System for a term of four years"
S780,Senate,SJRES132,"A joint resolution providing for congressional disapproval under chapter 8 of title 5, United States Code, of the rule submitted by the Bureau of Consumer Financial Protection relating to the withdrawal of the rule relating to ""Examinations for Risks to Active-Duty Servicemembers and Their Covered Dependents""."
S781,Senate,SJRES141,"A joint resolution providing for congressional disapproval under chapter 8 of title 5, United States Code, of the rule submitted by Bureau of Consumer Financial Protection relating to the withdrawal of the rule relating to ""Debt Collection Practices (Regulation F); Deceptive and Unfair Collection of Medical Debt""."
S782,Senate,SJRES130,"A joint resolution providing for congressional disapproval under chapter 8 of title 5, United States Code, of the rule submitted by the Bureau of Consumer Financial Protection relating to withdrawal of the rule relating to ""Consumer Financial Protection Circular 2024-05: Improper Overdraft Opt-In Practices""."
S783,Senate,PN8061,"Andrew Benson, of Maine, to be United States Attorney for the District of Maine for the term of four years; and William Boyle, of North Carolina, to be United States Attorney for the Eastern District of North Carolina for the term of four years; and Kevin Holmes, of Arkansas, to be United States Attorney for the Western District of Arkansas for the term of four years; and Brian David Miller, of Pennsylvania, to be United States Attorney for the Middle District of Pennsylvania for the term of four years; and Richard Price, of Missouri, to be United States Attorney for the Western District of Missouri for the term of four years; and Darin Smith, of Wyoming, to be United States Attorney for the District of Wyoming for the term of four years; and Gregory LoGerfo, of Massachusetts, to be Coordinator for Counterterrorism, with the rank and status of Ambassador at Large; and Eric Meyer, of California, to be Ambassador to the Democratic Socialist Republic of Sri Lanka; and Jennifer Wicks McNamara, of Virginia, to be Ambassador to the Socialist Republic of Vietnam; and Frank Weiland, of the District of Columbia, to be an Assistant Secretary of State (International Narcotics and Law Enforcement Affairs); and Daniel Edwards, of North Carolina, to be an Assistant Secretary of Transportation; and Steven Haines, of Virginia, to be an Assistant Secretary of Commerce; and Robert Harvey, of Florida, to be a Federal Maritime Commissioner for a term expiring June 30, 2029; and Thomas Govan, Jr., of Alabama, to be United States Attorney for the Middle District of Alabama for the term of four years; and Zachary Keller, of Louisiana, to be United States Attorney for the Western District of Louisiana for the term of four years; and Ryan Raybould, of Texas, to be United States Attorney for the Northern District of Texas for the term of four years; and Gregory Gilmore, of Illinois, to be United States Attorney for the Central District of Illinois for the term of four years; and Douglas Weaver, of Maryland, to be a Member of the Nuclear Regulatory Commission for the term of five years expiring June 30, 2031; and Stevan Pearce, of New Mexico, to be Director of the Bureau of Land Management; and David LaCerte, of Louisiana, to be a Member of the Federal Energy Regulatory Commission for a term expiring June 30, 2031; and Kyle Haustveit, of North Dakota, to be Under Secretary of Energy; and Robert Rotter, of Iowa, to be United States Marshal for the Northern District of Iowa for the term of four years; and Daniel Satterlee, of South Dakota, to be United States Marshal for the District of South Dakota for the term of four years; and David St. Pierre, of Maine, to be United States Marshal for the District of Maine for the term of four years; and Brian Birdwell, of Texas, to be an Assistant Secretary of Defense; and Mark Ditlevson, of Minnesota, to be an Assistant Secretary of Defense; and Lee Lipton, of Florida, to be Ambassador to the Republic of the Philippines; and William Long, of Missouri, to be Ambassador to the Republic of Iceland; and Jared Novelly, of Missouri, to be Ambassador to New Zealand, and to serve concurrently and without additional compensation as Ambassador to the Independent State of Samoa, the Cook Islands, and Niue; and Robert Sweeney, of Texas, to be United States Director of the Asian Development Bank, with the rank of Ambassador; and Asel Roberts, of Virginia, to be Ambassador to the Republic of Slovenia; and Wesley Brooks, of Florida, to be Assistant Secretary of State for Oceans and International Environmental and Scientific Affairs; and Frank Garcia, of Virginia, to be an Assistant Secretary of State (African Affairs); and Matthew Anderson, of Colorado, to be Deputy Administrator of the National Aeronautics and Space Administration; and Michael Graham, of Virginia, to be a Member of the National Transportation Safety Board for a term expiring December 31, 2030; and Richard Kloster, of West Virginia, to be a Member of the Surface Transportation Board for a term expiring December 31, 2028; and Seval Oz, of California, to be an Assistant Secretary of Transportation; and Arvind Raman, of Indiana, to be Under Secretary of Commerce for Standards and Technology; and Melissa Holyoak, of Utah, to be United States Attorney for the District of Utah for the term of four years; and Phillip Williams, Jr., of Alabama, to be United States Attorney for the Northern District of Alabama for the term of four years; and James Bishop, of North Carolina, to be United States Attorney for the Middle District of North Carolina for the term of four years; and Brian Barber, of Louisiana, to be United States Marshal for the Western District of Louisiana for the term of four years; and Steven Lewis, of Missouri, to be United States Marshal for the Eastern District of Missouri, for the term of four years; and Priscilla Lopez, of Florida, to be United States Marshal for the Southern District of Florida for the term of four years; and Brian Gootkin, of Montana, to be United States Marshal for the District of Montana for the term of four years; and James Stuart, of Minnesota, to be United States Marshal for the District of Minnesota for the term of four years; and Yeouk Kim, of Texas, to be Representative of the United States of America to the Association of Southeast Asian Nations, with the rank and status of Ambassador; and Ademola Adewale-Sadik, of New York, to be United States Director of the African Development Bank for a term of five years; and Catherine Dillon, of Maryland, to be an Assistant Secretary of State (Educational and Cultural Affairs)"
S784,Senate,PN7261,"Catherine Dillon, of Maryland, to be an Assistant Secretary of State (Educational and Cultural Affairs); and Ademola Adewale-Sadik, of New York, to be United States Director of the African Development Bank for a term of five years; and Yeouk Kim, of Texas, to be Representative of the United States of America to the Association of Southeast Asian Nations, with the rank and status of Ambassador; and James Stuart, of Minnesota, to be United States Marshal for the District of Minnesota for the term of four years; and Brian Gootkin, of Montana, to be United States Marshal for the District of Montana for the term of four years; and Priscilla Lopez, of Florida, to be United States Marshal for the Southern District of Florida for the term of four years; and Steven Lewis, of Missouri, to be United States Marshal for the Eastern District of Missouri, for the term of four years; and Brian Barber, of Louisiana, to be United States Marshal for the Western District of Louisiana for the term of four years; and James Bishop, of North Carolina, to be United States Attorney for the Middle District of North Carolina for the term of four years; and Phillip Williams, Jr., of Alabama, to be United States Attorney for the Northern District of Alabama for the term of four years; and Melissa Holyoak, of Utah, to be United States Attorney for the District of Utah for the term of four years; and Arvind Raman, of Indiana, to be Under Secretary of Commerce for Standards and Technology; and Seval Oz, of California, to be an Assistant Secretary of Transportation; and Richard Kloster, of West Virginia, to be a Member of the Surface Transportation Board for a term expiring December 31, 2028; and Michael Graham, of Virginia, to be a Member of the National Transportation Safety Board for a term expiring December 31, 2030; and Matthew Anderson, of Colorado, to be Deputy Administrator of the National Aeronautics and Space Administration; and Frank Garcia, of Virginia, to be an Assistant Secretary of State (African Affairs); and Wesley Brooks, of Florida, to be Assistant Secretary of State for Oceans and International Environmental and Scientific Affairs; and Asel Roberts, of Virginia, to be Ambassador to the Republic of Slovenia; and Robert Sweeney, of Texas, to be United States Director of the Asian Development Bank, with the rank of Ambassador; and Jared Novelly, of Missouri, to be Ambassador to New Zealand, and to serve concurrently and without additional compensation as Ambassador to the Independent State of Samoa, the Cook Islands, and Niue; and William Long, of Missouri, to be Ambassador to the Republic of Iceland; and Lee Lipton, of Florida, to be Ambassador to the Republic of the Philippines; and Mark Ditlevson, of Minnesota, to be an Assistant Secretary of Defense; and Brian Birdwell, of Texas, to be an Assistant Secretary of Defense; and David St. Pierre, of Maine, to be United States Marshal for the District of Maine for the term of four years; and Daniel Satterlee, of South Dakota, to be United States Marshal for the District of South Dakota for the term of four years; and Robert Rotter, of Iowa, to be United States Marshal for the Northern District of Iowa for the term of four years; and Kyle Haustveit, of North Dakota, to be Under Secretary of Energy; and David LaCerte, of Louisiana, to be a Member of the Federal Energy Regulatory Commission for a term expiring June 30, 2031; and Stevan Pearce, of New Mexico, to be Director of the Bureau of Land Management; and Douglas Weaver, of Maryland, to be a Member of the Nuclear Regulatory Commission for the term of five years expiring June 30, 2031; and Gregory Gilmore, of Illinois, to be United States Attorney for the Central District of Illinois for the term of four years; and Ryan Raybould, of Texas, to be United States Attorney for the Northern District of Texas for the term of four years; and Zachary Keller, of Louisiana, to be United States Attorney for the Western District of Louisiana for the term of four years; and Thomas Govan, Jr., of Alabama, to be United States Attorney for the Middle District of Alabama for the term of four years; and Robert Harvey, of Florida, to be a Federal Maritime Commissioner for a term expiring June 30, 2029; and Steven Haines, of Virginia, to be an Assistant Secretary of Commerce; and Daniel Edwards, of North Carolina, to be an Assistant Secretary of Transportation; and Frank Weiland, of the District of Columbia, to be an Assistant Secretary of State (International Narcotics and Law Enforcement Affairs); and Jennifer Wicks McNamara, of Virginia, to be Ambassador to the Socialist Republic of Vietnam; and Eric Meyer, of California, to be Ambassador to the Democratic Socialist Republic of Sri Lanka; and Gregory LoGerfo, of Massachusetts, to be Coordinator for Counterterrorism, with the rank and status of Ambassador at Large; and Darin Smith, of Wyoming, to be United States Attorney for the District of Wyoming for the term of four years; and Richard Price, of Missouri, to be United States Attorney for the Western District of Missouri for the term of four years; and Brian David Miller, of Pennsylvania, to be United States Attorney for the Middle District of Pennsylvania for the term of four years; and Kevin Holmes, of Arkansas, to be United States Attorney for the Western District of Arkansas for the term of four years; and William Boyle, of North Carolina, to be United States Attorney for the Eastern District of North Carolina for the term of four years; and Andrew Benson, of Maine, to be United States Attorney for the District of Maine for the term of four years"
S785,Senate,PN8511,"Sheria Akins Clarke, of South Carolina, to be United States District Judge for the District of South Carolina"
S786,Senate,PN8511,"Sheria Akins Clarke, of South Carolina, to be United States District Judge for the District of South Carolina"
S787,Senate,PN8516,"Evan Rikhye, of the Virgin Islands, to be Judge for the District Court of the Virgin Islands for a term of ten years"
S788,Senate,SJRES185,A joint resolution to direct the removal of United States Armed Forces from hostilities within or against the Islamic Republic of Iran that have not been authorized by Congress.
S789,Senate,PN8516,"Evan Rikhye, of the Virgin Islands, to be Judge for the District Court of the Virgin Islands for a term of ten years"
S790,Senate,PN8513,"Kathleen S. Lane, of Montana, to be United States District Judge for the District of Montana"
S791,Senate,PN8513,"Kathleen S. Lane, of Montana, to be United States District Judge for the District of Montana"
S792,Senate,PN8512,"Jeffrey M. Kuhlman, of Kansas, to be United States District Judge for the District of Kansas"
S793,Senate,PN8512,"Jeffrey M. Kuhlman, of Kansas, to be United States District Judge for the District of Kansas"
S794,Senate,SJRES188,"A joint resolution providing for congressional disapproval under chapter 8 of title 5, United States Code, of the rule submitted by the Environmental Protection Agency relating to ""National Emission Standards for Hazardous Air Pollutants: Coal- and Oil-Fired Electric Utility Steam Generating Units: Final Repeal""."
S795,Senate,S2,An original bill to provide for reconciliation pursuant to title II of S. Con. Res. 33.
S796,Senate,S2,An original bill to provide for reconciliation pursuant to title II of S. Con. Res. 33.
S797,Senate,S2,To reallocate funds that would have been used for the Anti-Weaponization Fund to fraud enforcement.
S798,Senate,S2,"To provide a clarification relating to, and to prohibit the use of funds for, the White House Ballroom."
S799,Senate,S2,To provide funding for the HOME Investment Partnerships program.
S800,Senate,S2,An original bill to provide for reconciliation pursuant to title II of S. Con. Res. 33.
S801,Senate,S2,"To help build 7,000,000 new homes."
S802,Senate,S2,To prohibit an individual from acting as Director of National Intelligence if such individual is simultaneously serving as the head of any other Federal department or agency.
S803,Senate,S2,"To ensure only citizens are registered to vote in elections for Federal office, and to require voters to provide photo identification, and for other purposes."
S804,Senate,S2,To prohibit the distribution of Federal funds to individuals convicted of certain crimes.
S805,Senate,S2,To make appropriations for the conduct of inspections of the Delaney Hall Detention Facility.
S806,Senate,S2,An original bill to provide for reconciliation pursuant to title II of S. Con. Res. 33.
S807,Senate,S2,To place reasonable limits on contributions to Super PACs which make independent expenditures.
S808,Senate,S2,To redirect funding for U.S. Immigration and Customs Enforcement to the Child Care and Development Block Grant program.
S809,Senate,S2,To support the work performed by the Immigration Detention Ombudsman.
S810,Senate,S2,"To ensure only citizens are registered to vote in elections for Federal office, and to require voters to provide photo identification."
S811,Senate,S2,"To repurpose funds previously appropriated for U.S. Immigration and Customs Enforcement for the timely processing of DACA applications and related employment authorization documents and to prohibit the use of funds to arrest, detain, deport, or remove DACA recipients."
S812,Senate,S2,An original bill to provide for reconciliation pursuant to title II of S. Con. Res. 33.
S813,Senate,S2,To transfer amounts for youth mentoring programs of the Department of Justice.
S814,Senate,S2,To rescind unobligated balances under the One Big Beautiful Bill Act.
S815,Senate,S2,To make funds available for the timely adjudication of DACA renewal applications.
S816,Senate,S2,To make appropriations for transparency and accountability.
S817,Senate,S2,"To prohibit the Department of Justice from using taxpayer funds to make settlement payments to individuals convicted of assaulting law enforcement officers on January 6, 2021."
S818,Senate,S2,"To provide compensation to law enforcement officers who defended the United States Capitol during the events that occurred at or near the United States Capitol on January 6, 2021, and for other purposes."
S819,Senate,S2,To appropriate amounts for local law enforcement hiring programs.
S820,Senate,S2,To prohibit the use of funds to provide payments to certain individuals.
S821,Senate,S2,"To provide for limitations on judgments, awards, and compromise settlements under section 1304 of title 31, United States Code."
S822,Senate,S2,An original bill to provide for reconciliation pursuant to title II of S. Con. Res. 33.
S823,Senate,S1318,"A bill to direct the American Battle Monuments Commission to establish a program to identify American-Jewish servicemembers buried in United States military cemeteries overseas under markers that incorrectly represent their religion and heritage, and for other purposes."
S824,Senate,PN8514,"Anthony W. Mattivi, of Kansas, to be United States District Judge for the District of Kansas"
S825,Senate,PN8514,"Anthony W. Mattivi, of Kansas, to be United States District Judge for the District of Kansas"
S826,Senate,PN8515,"Anthony J. Powell, of Kansas, to be United States District Judge for the District of Kansas"
S827,Senate,PN8515,"Anthony J. Powell, of Kansas, to be United States District Judge for the District of Kansas"
S828,Senate,PN9014,"Brock Dahl, of Maryland, to be Legal Adviser of the Department of State"
S829,Senate,PN9014,"Brock Dahl, of Maryland, to be Legal Adviser of the Department of State"
S830,Senate,PN8517,"Justin D. Smith, of Missouri, to be United States Circuit Judge for the Eighth Circuit"
S831,Senate,PN8517,"Justin D. Smith, of Missouri, to be United States Circuit Judge for the Eighth Circuit"
S832,Senate,SJRES190,"A joint resolution providing for congressional disapproval under chapter 8 of title 5, United States Code, of the rule submitted by the Executive Office for Immigration Review relating to ""Appellate Procedures for the Board of Immigration Appeals""."
S833,Senate,SJRES172,A joint resolution to direct the removal of United States Armed Forces from hostilities within or against the Islamic Republic of Iran that have not been authorized by Congress.
S834,Senate,HR6644,"A bill a bill to increase the supply of housing in America, and for other purposes."
S835,Senate,PN9018,"Michelle Steel, of California, to be Ambassador to the Republic of Korea"
S836,Senate,PN9018,"Michelle Steel, of California, to be Ambassador to the Republic of Korea"
S837,Senate,PN73033,"George Holding, of North Carolina, to be United States Director of the European Bank for Reconstruction and Development"
S838,Senate,SRES616,A resolution requesting information on Honduras's human rights practices pursuant to section 502B(c) of the Foreign Assistance Act of 1961.
S839,Senate,HR6644,"A bill a bill to increase the supply of housing in America, and for other purposes."
S840,Senate,PN73033,"George Holding, of North Carolina, to be United States Director of the European Bank for Reconstruction and Development"
S841,Senate,HR6644,"A bill a bill to increase the supply of housing in America, and for other purposes."
S842,Senate,PN8593,"Darrell Owens, of Pennsylvania, to be U.S. Representative to the Organization for Security and Cooperation in Europe, with the rank of Ambassador"
S843,Senate,HCONRES86,"A concurrent resolution directing the President, pursuant to section 5(c) of the War Powers Resolution, to remove United States Armed Forces from hostilities with Iran."
S844,Senate,PN9307,"John George Edward Marck, of Texas, to be United States District Judge for the Southern District of Texas"
S845,Senate,PN9307,"John George Edward Marck, of Texas, to be United States District Judge for the Southern District of Texas"
S846,Senate,PN9302,"Michael J. Hendershot, of Ohio, to be United States District Judge for the Northern District of Ohio"
S847,Senate,PN9302,"Michael J. Hendershot, of Ohio, to be United States District Judge for the Northern District of Ohio"
S848,Senate,PN9303,"Arthur Roberts Jones, of Texas, to be United States District Judge for the Southern District of Texas"
S849,Senate,SJRES196,"A joint resolution providing for congressional disapproval under chapter 8 of title 5, United States Code, of the rule submitted by the Department of Education relating to ""Reimagining and Improving Student Education-Federal Student Loan Program Final Regulations""."
S850,Senate,PN9382,"Matthew A. Schwartz, of New York, to be United States Circuit Judge for the Second Circuit"
S851,Senate,SJRES185,A joint resolution to direct the removal of United States Armed Forces from hostilities within or against the Islamic Republic of Iran that have not been authorized by Congress.
S852,Senate,PN9303,"Arthur Roberts Jones, of Texas, to be United States District Judge for the Southern District of Texas"
S853,Senate,PN9382,"Matthew A. Schwartz, of New York, to be United States Circuit Judge for the Second Circuit"
S854,Senate,S4784,"An original bill to authorize appropriations for fiscal year 2027 for military activities of the Department of Defense, for military construction, and for defense activities of the Department of Energy, to prescribe military personnel strengths for such fiscal year, and for other purposes."
S855,Senate,PN9304,"Jeffrey T. Kuntz, of Florida, to be United States District Judge for the Southern District of Florida"
S856,Senate,PN9304,"Jeffrey T. Kuntz, of Florida, to be United States District Judge for the Southern District of Florida"
S857,Senate,PN8518,"Kara Marie Westercamp, of Virginia, to be a Judge of the United States Court of International Trade"
S858,Senate,SJRES198,"A joint resolution providing for congressional disapproval under chapter 8 of title 5, United States Code, of the rule submitted by the Centers for Medicare &#38; Medicaid Services of the Department of Health and Human Services relating to ""Medicare Program; Implementation of Prior Authorization for Select Services for the Wasteful and Inappropriate Services Reduction (WISeR) Model""."
S859,Senate,PN9381,"Benjamin M. Flowers, of Ohio, to be United States Circuit Judge for the Sixth Circuit"
S860,Senate,PN8518,"Kara Marie Westercamp, of Virginia, to be a Judge of the United States Court of International Trade"
S861,Senate,PN9381,"Benjamin M. Flowers, of Ohio, to be United States Circuit Judge for the Sixth Circuit"
S862,Senate,PN9993,"Michael C. Martin, of Michigan, to be United States District Judge for the Eastern District of Michigan"
S863,Senate,PN9993,"Michael C. Martin, of Michigan, to be United States District Judge for the Eastern District of Michigan"
S864,Senate,PN9995,"Antonio M. Pozos, of Pennsylvania, to be United States District Judge for the Eastern District of Pennsylvania"
S865,Senate,PN9996,"Daniel Mack Traynor, of North Dakota, to be United States Circuit Judge for the Eighth Circuit"
S866,Senate,SJRES180,A joint resolution to direct the removal of United States Armed Forces from hostilities within or against the Islamic Republic of Iran that have not been authorized by Congress.
S867,Senate,PN9996,"Daniel Mack Traynor, of North Dakota, to be United States Circuit Judge for the Eighth Circuit"
S868,Senate,PN9995,"Antonio M. Pozos, of Pennsylvania, to be United States District Judge for the Eastern District of Pennsylvania"
